date,price,close,high,low,open,volume,ticker,day
2021-08-20,5.226634502410889,6.110000133514404,6.519999980926514,4.579999923706055,4.789999961853027,3884664313,601728.SS,4
2021-08-23,4.704826354980469,5.5,5.5,5.5,5.5,310972400,601728.SS,0
2021-08-24,4.2343430519104,4.949999809265137,4.949999809265137,4.949999809265137,4.949999809265137,406597500,601728.SS,1
2021-08-25,4.131692886352539,4.829999923706055,5.139999866485596,4.769999980926514,4.949999809265137,2084090257,601728.SS,2
2021-08-26,4.0290422439575195,4.710000038146973,4.840000152587891,4.619999885559082,4.730000019073486,1381649325,601728.SS,3
2021-08-27,3.943499803543091,4.610000133514404,4.699999809265137,4.599999904632568,4.659999847412109,915488263,601728.SS,4
2021-08-30,3.969162702560425,4.639999866485596,4.670000076293945,4.579999923706055,4.619999885559082,828324060,601728.SS,0
2021-08-31,3.900728702545166,4.559999942779541,4.619999885559082,4.550000190734863,4.610000133514404,742828837,601728.SS,1
2021-09-01,3.917837142944336,4.579999923706055,4.610000133514404,4.539999961853027,4.550000190734863,691719415,601728.SS,2
2021-09-02,3.900728702545166,4.559999942779541,4.570000171661377,4.539999961853027,4.559999942779541,598877045,601728.SS,3
2021-09-03,3.883619785308838,4.539999961853027,4.550000190734863,4.53000020980835,4.550000190734863,560911938,601728.SS,4
2021-09-06,3.89217472076416,4.550000190734863,4.579999923706055,4.53000020980835,4.539999961853027,596007077,601728.SS,0
2021-09-07,3.883619785308838,4.539999961853027,4.550000190734863,4.53000020980835,4.539999961853027,498043233,601728.SS,1
2021-09-08,3.883619785308838,4.539999961853027,4.550000190734863,4.53000020980835,4.539999961853027,457927355,601728.SS,2
2021-09-09,3.883619785308838,4.539999961853027,4.550000190734863,4.53000020980835,4.539999961853027,419472206,601728.SS,3
2021-09-10,3.8750662803649902,4.53000020980835,4.550000190734863,4.53000020980835,4.539999961853027,402243804,601728.SS,4
2021-09-13,3.883619785308838,4.539999961853027,4.539999961853027,4.53000020980835,4.53000020980835,343276822,601728.SS,0
2021-09-14,3.8750662803649902,4.53000020980835,4.539999961853027,4.53000020980835,4.539999961853027,408281625,601728.SS,1
2021-09-15,3.8750662803649902,4.53000020980835,4.539999961853027,4.53000020980835,4.53000020980835,339075112,601728.SS,2
2021-09-16,3.8750662803649902,4.53000020980835,4.539999961853027,4.53000020980835,4.53000020980835,436825808,601728.SS,3
2021-09-17,3.8750662803649902,4.53000020980835,4.539999961853027,4.53000020980835,4.53000020980835,539070049,601728.SS,4
2021-09-22,3.9606080055236816,4.630000114440918,4.730000019073486,4.53000020980835,4.539999961853027,543501922,601728.SS,2
2021-09-23,3.89217472076416,4.550000190734863,4.599999904632568,4.539999961853027,4.590000152587891,334993205,601728.SS,3
2021-09-24,3.7980785369873047,4.440000057220459,4.550000190734863,4.429999828338623,4.539999961853027,354509157,601728.SS,4
2021-09-27,3.686873197555542,4.309999942779541,4.440000057220459,4.300000190734863,4.440000057220459,285734313,601728.SS,0
2021-09-28,3.712535858154297,4.340000152587891,4.380000114440918,4.25,4.289999961853027,158002969,601728.SS,1
2021-09-29,3.644101858139038,4.260000228881836,4.309999942779541,4.25,4.289999961853027,145843812,601728.SS,2
2021-09-30,3.669764280319214,4.289999961853027,4.300000190734863,4.25,4.260000228881836,97689323,601728.SS,3
2021-10-08,3.712535858154297,4.340000152587891,4.349999904632568,4.269999980926514,4.300000190734863,140377383,601728.SS,4
2021-10-11,3.7039811611175537,4.329999923706055,4.349999904632568,4.309999942779541,4.329999923706055,105987535,601728.SS,0
2021-10-12,3.661210298538208,4.28000020980835,4.329999923706055,4.25,4.320000171661377,126268161,601728.SS,1
2021-10-13,3.652656078338623,4.269999980926514,4.28000020980835,4.25,4.269999980926514,85803160,601728.SS,2
2021-10-14,3.644101858139038,4.260000228881836,4.269999980926514,4.25,4.269999980926514,67538893,601728.SS,3
2021-10-15,3.644101858139038,4.260000228881836,4.28000020980835,4.25,4.260000228881836,78302887,601728.SS,4
2021-10-18,3.609884738922119,4.21999979019165,4.260000228881836,4.210000038146973,4.260000228881836,115107082,601728.SS,0
2021-10-19,3.5927765369415283,4.199999809265137,4.230000019073486,4.190000057220459,4.21999979019165,93616996,601728.SS,1
2021-10-20,3.5842220783233643,4.190000057220459,4.210000038146973,4.179999828338623,4.199999809265137,80494821,601728.SS,2
2021-10-21,3.5671136379241943,4.170000076293945,4.190000057220459,4.159999847412109,4.190000057220459,88284552,601728.SS,3
2021-10-22,3.5414514541625977,4.139999866485596,4.159999847412109,4.130000114440918,4.159999847412109,103028857,601728.SS,4
2021-10-25,3.609884738922119,4.21999979019165,4.21999979019165,4.139999866485596,4.139999866485596,140698566,601728.SS,0
2021-10-26,3.5927765369415283,4.199999809265137,4.21999979019165,4.159999847412109,4.199999809265137,106323021,601728.SS,1
2021-10-27,3.6184394359588623,4.230000019073486,4.230000019073486,4.139999866485596,4.179999828338623,127170880,601728.SS,2
2021-10-28,3.7724153995513916,4.409999847412109,4.409999847412109,4.179999828338623,4.230000019073486,211183338,601728.SS,3
2021-10-29,3.755307197570801,4.389999866485596,4.389999866485596,4.309999942779541,4.349999904632568,166786136,601728.SS,4
2021-11-01,3.7039811611175537,4.329999923706055,4.360000133514404,4.309999942779541,4.349999904632568,86848662,601728.SS,0
2021-11-02,3.609884738922119,4.21999979019165,4.329999923706055,4.21999979019165,4.309999942779541,103392173,601728.SS,1
2021-11-03,3.6013307571411133,4.210000038146973,4.21999979019165,4.190000057220459,4.210000038146973,56751205,601728.SS,2
2021-11-04,3.5842220783233643,4.190000057220459,4.21999979019165,4.179999828338623,4.210000038146973,60252322,601728.SS,3
2021-11-05,3.626993417739868,4.239999771118164,4.269999980926514,4.170000076293945,4.190000057220459,117217118,601728.SS,4
2021-11-08,3.6013307571411133,4.210000038146973,4.239999771118164,4.199999809265137,4.21999979019165,57234348,601728.SS,0
2021-11-09,3.609884738922119,4.21999979019165,4.239999771118164,4.190000057220459,4.199999809265137,54105157,601728.SS,1
2021-11-10,3.6013307571411133,4.210000038146973,4.230000019073486,4.190000057220459,4.21999979019165,53161541,601728.SS,2
2021-11-11,3.6013307571411133,4.210000038146973,4.230000019073486,4.199999809265137,4.199999809265137,63302413,601728.SS,3
2021-11-12,3.6013307571411133,4.210000038146973,4.21999979019165,4.199999809265137,4.210000038146973,56733806,601728.SS,4
2021-11-15,3.609884738922119,4.21999979019165,4.25,4.210000038146973,4.21999979019165,69201950,601728.SS,0
2021-11-16,3.6013307571411133,4.210000038146973,4.230000019073486,4.199999809265137,4.21999979019165,55596261,601728.SS,1
2021-11-17,3.6013307571411133,4.210000038146973,4.21999979019165,4.199999809265137,4.210000038146973,39879159,601728.SS,2
2021-11-18,3.5756680965423584,4.179999828338623,4.21999979019165,4.179999828338623,4.210000038146973,62993300,601728.SS,3
2021-11-19,3.5842220783233643,4.190000057220459,4.199999809265137,4.170000076293945,4.179999828338623,57566672,601728.SS,4
2021-11-22,3.7638611793518066,4.400000095367432,4.400000095367432,4.179999828338623,4.190000057220459,232716104,601728.SS,0
2021-11-23,3.6783196926116943,4.300000190734863,4.349999904632568,4.289999961853027,4.320000171661377,124425580,601728.SS,1
2021-11-24,3.669764280319214,4.289999961853027,4.320000171661377,4.260000228881836,4.289999961853027,74774503,601728.SS,2
2021-11-25,3.661210298538208,4.28000020980835,4.300000190734863,4.28000020980835,4.28000020980835,42905517,601728.SS,3
2021-11-26,3.661210298538208,4.28000020980835,4.289999961853027,4.269999980926514,4.28000020980835,50985664,601728.SS,4
2021-11-29,3.661210298538208,4.28000020980835,4.309999942779541,4.239999771118164,4.269999980926514,71173828,601728.SS,0
2021-11-30,3.661210298538208,4.28000020980835,4.300000190734863,4.269999980926514,4.28000020980835,61362300,601728.SS,1
2021-12-01,3.669764280319214,4.289999961853027,4.300000190734863,4.260000228881836,4.269999980926514,57230649,601728.SS,2
2021-12-02,3.661210298538208,4.28000020980835,4.289999961853027,4.269999980926514,4.28000020980835,52096090,601728.SS,3
2021-12-03,3.695427656173706,4.320000171661377,4.360000133514404,4.269999980926514,4.28000020980835,125563534,601728.SS,4
2021-12-06,3.7039811611175537,4.329999923706055,4.369999885559082,4.300000190734863,4.309999942779541,131942432,601728.SS,0
2021-12-07,3.7039811611175537,4.329999923706055,4.349999904632568,4.309999942779541,4.320000171661377,85493857,601728.SS,1
2021-12-08,3.712535858154297,4.340000152587891,4.349999904632568,4.320000171661377,4.329999923706055,87365910,601728.SS,2
2021-12-09,3.7809696197509766,4.420000076293945,4.420000076293945,4.329999923706055,4.340000152587891,178988712,601728.SS,3
2021-12-10,3.7980785369873047,4.440000057220459,4.46999979019165,4.369999885559082,4.380000114440918,220846266,601728.SS,4
2021-12-13,3.7638611793518066,4.400000095367432,4.440000057220459,4.400000095367432,4.420000076293945,120544625,601728.SS,0
2021-12-14,3.712535858154297,4.340000152587891,4.400000095367432,4.340000152587891,4.389999866485596,99235500,601728.SS,1
2021-12-15,3.7210896015167236,4.349999904632568,4.369999885559082,4.320000171661377,4.329999923706055,76716358,601728.SS,2
2021-12-16,3.729644298553467,4.360000133514404,4.369999885559082,4.329999923706055,4.349999904632568,65330610,601728.SS,3
2021-12-17,3.7210896015167236,4.349999904632568,4.360000133514404,4.340000152587891,4.349999904632568,53101619,601728.SS,4
2021-12-20,3.7809696197509766,4.420000076293945,4.46999979019165,4.380000114440918,4.420000076293945,222091253,601728.SS,0
2021-12-21,3.7895238399505615,4.429999828338623,4.449999809265137,4.389999866485596,4.409999847412109,126315229,601728.SS,1
2021-12-22,3.729644298553467,4.360000133514404,4.440000057220459,4.360000133514404,4.429999828338623,101516603,601728.SS,2
2021-12-23,3.7210896015167236,4.349999904632568,4.380000114440918,4.349999904632568,4.360000133514404,67862700,601728.SS,3
2021-12-24,3.686873197555542,4.309999942779541,4.360000133514404,4.309999942779541,4.349999904632568,87025648,601728.SS,4
2021-12-27,3.695427656173706,4.320000171661377,4.340000152587891,4.300000190734863,4.309999942779541,61368267,601728.SS,0
2021-12-28,3.695427656173706,4.320000171661377,4.329999923706055,4.300000190734863,4.320000171661377,45236903,601728.SS,1
2021-12-29,3.686873197555542,4.309999942779541,4.320000171661377,4.300000190734863,4.320000171661377,35787095,601728.SS,2
2021-12-30,3.686873197555542,4.309999942779541,4.340000152587891,4.300000190734863,4.309999942779541,45510844,601728.SS,3
2021-12-31,3.7039811611175537,4.329999923706055,4.340000152587891,4.309999942779541,4.320000171661377,48703707,601728.SS,4
2022-01-04,3.7467525005340576,4.380000114440918,4.400000095367432,4.320000171661377,4.320000171661377,123273192,601728.SS,1
2022-01-05,3.6783196926116943,4.300000190734863,4.360000133514404,4.300000190734863,4.360000133514404,145210563,601728.SS,2
2022-01-06,3.6783196926116943,4.300000190734863,4.320000171661377,4.28000020980835,4.300000190734863,76037027,601728.SS,3
2022-01-07,3.669764280319214,4.289999961853027,4.329999923706055,4.289999961853027,4.289999961853027,73837180,601728.SS,4
2022-01-10,3.695427656173706,4.320000171661377,4.340000152587891,4.289999961853027,4.289999961853027,97150111,601728.SS,0
2022-01-11,3.686873197555542,4.309999942779541,4.329999923706055,4.300000190734863,4.320000171661377,70170093,601728.SS,1
2022-01-12,3.686873197555542,4.309999942779541,4.320000171661377,4.300000190734863,4.309999942779541,38055898,601728.SS,2
2022-01-13,3.6783196926116943,4.300000190734863,4.340000152587891,4.300000190734863,4.320000171661377,71834965,601728.SS,3
2022-01-14,3.644101858139038,4.260000228881836,4.309999942779541,4.260000228881836,4.300000190734863,91742675,601728.SS,4
2022-01-17,3.652656078338623,4.269999980926514,4.28000020980835,4.25,4.260000228881836,49411805,601728.SS,0
2022-01-18,3.669764280319214,4.289999961853027,4.309999942779541,4.260000228881836,4.269999980926514,66871847,601728.SS,1
2022-01-19,3.644101858139038,4.260000228881836,4.28000020980835,4.260000228881836,4.28000020980835,46798118,601728.SS,2
2022-01-20,3.661210298538208,4.28000020980835,4.300000190734863,4.269999980926514,4.28000020980835,60206506,601728.SS,3
2022-01-21,3.652656078338623,4.269999980926514,4.28000020980835,4.260000228881836,4.28000020980835,45785571,601728.SS,4
2022-01-24,3.661210298538208,4.28000020980835,4.289999961853027,4.25,4.269999980926514,57095606,601728.SS,0
2022-01-25,3.5927765369415283,4.199999809265137,4.28000020980835,4.190000057220459,4.269999980926514,87692900,601728.SS,1
2022-01-26,3.6013307571411133,4.210000038146973,4.230000019073486,4.199999809265137,4.199999809265137,40425668,601728.SS,2
2022-01-27,3.5500054359436035,4.150000095367432,4.21999979019165,4.150000095367432,4.21999979019165,62497105,601728.SS,3
2022-01-28,3.5585596561431885,4.159999847412109,4.179999828338623,4.150000095367432,4.159999847412109,43075097,601728.SS,4
2022-02-07,3.6013307571411133,4.210000038146973,4.21999979019165,4.170000076293945,4.179999828338623,47537168,601728.SS,0
2022-02-08,3.669764280319214,4.289999961853027,4.329999923706055,4.199999809265137,4.210000038146973,155000348,601728.SS,1
2022-02-09,3.7724153995513916,4.409999847412109,4.46999979019165,4.269999980926514,4.28000020980835,365676546,601728.SS,2
2022-02-10,3.695427656173706,4.320000171661377,4.380000114440918,4.300000190734863,4.369999885559082,178249188,601728.SS,3
2022-02-11,3.686873197555542,4.309999942779541,4.349999904632568,4.300000190734863,4.309999942779541,88643407,601728.SS,4
2022-02-14,3.644101858139038,4.260000228881836,4.309999942779541,4.239999771118164,4.300000190734863,96647559,601728.SS,0
2022-02-15,3.626993417739868,4.239999771118164,4.260000228881836,4.230000019073486,4.25,42035209,601728.SS,1
2022-02-16,3.635547637939453,4.25,4.260000228881836,4.230000019073486,4.25,53418895,601728.SS,2
2022-02-17,3.609884738922119,4.21999979019165,4.25,4.21999979019165,4.239999771118164,39390698,601728.SS,3
2022-02-18,3.644101858139038,4.260000228881836,4.260000228881836,4.21999979019165,4.21999979019165,50132721,601728.SS,4
2022-02-21,3.5842220783233643,4.190000057220459,4.21999979019165,4.139999866485596,4.199999809265137,477608828,601728.SS,0
2022-02-22,3.5585596561431885,4.159999847412109,4.179999828338623,4.139999866485596,4.159999847412109,197596113,601728.SS,1
2022-02-23,3.5756680965423584,4.179999828338623,4.179999828338623,4.150000095367432,4.159999847412109,113603349,601728.SS,2
2022-02-24,3.5328969955444336,4.130000114440918,4.170000076293945,4.119999885559082,4.170000076293945,188477794,601728.SS,3
2022-02-25,3.5414514541625977,4.139999866485596,4.159999847412109,4.130000114440918,4.130000114440918,91649697,601728.SS,4
2022-02-28,3.5243427753448486,4.119999885559082,4.139999866485596,4.099999904632568,4.139999866485596,101461399,601728.SS,0
2022-03-01,3.5328969955444336,4.130000114440918,4.130000114440918,4.110000133514404,4.119999885559082,59536641,601728.SS,1
2022-03-02,3.5328969955444336,4.130000114440918,4.130000114440918,4.110000133514404,4.119999885559082,72925121,601728.SS,2
2022-03-03,3.5414514541625977,4.139999866485596,4.150000095367432,4.119999885559082,4.119999885559082,93391460,601728.SS,3
2022-03-04,3.5243427753448486,4.119999885559082,4.130000114440918,4.099999904632568,4.130000114440918,105817338,601728.SS,4
2022-03-07,3.481571674346924,4.070000171661377,4.110000133514404,4.059999942779541,4.110000133514404,126244416,601728.SS,0
2022-03-08,3.430246114730835,4.010000228881836,4.090000152587891,4.0,4.070000171661377,120029748,601728.SS,1
2022-03-09,3.378920793533325,3.950000047683716,4.019999980926514,3.819999933242798,4.010000228881836,150975445,601728.SS,2
2022-03-10,3.413137674331665,3.990000009536743,3.990000009536743,3.930000066757202,3.9700000286102295,98732878,601728.SS,3
2022-03-11,3.38747501373291,3.9600000381469727,3.9700000286102295,3.9000000953674316,3.950000047683716,73156319,601728.SS,4
2022-03-14,3.396029233932495,3.9700000286102295,3.9800000190734863,3.9200000762939453,3.930000066757202,88700302,601728.SS,0
2022-03-15,3.3361499309539795,3.9000000953674316,3.950000047683716,3.869999885559082,3.940000057220459,121067904,601728.SS,1
2022-03-16,3.3703665733337402,3.940000057220459,3.950000047683716,3.8399999141693115,3.9100000858306885,92905260,601728.SS,2
2022-03-17,3.455909013748169,4.039999961853027,4.039999961853027,3.940000057220459,3.950000047683716,133782465,601728.SS,3
2022-03-18,3.464463472366333,4.050000190734863,4.070000171661377,4.010000228881836,4.059999942779541,116138109,601728.SS,4
2022-03-21,3.447354555130005,4.03000020980835,4.039999961853027,4.010000228881836,4.03000020980835,65305214,601728.SS,0
2022-03-22,3.464463472366333,4.050000190734863,4.059999942779541,4.010000228881836,4.019999980926514,66306965,601728.SS,1
2022-03-23,3.464463472366333,4.050000190734863,4.070000171661377,4.039999961853027,4.050000190734863,63796583,601728.SS,2
2022-03-24,3.4901256561279297,4.079999923706055,4.119999885559082,4.03000020980835,4.039999961853027,122287864,601728.SS,3
2022-03-25,3.447354555130005,4.03000020980835,4.070000171661377,4.019999980926514,4.059999942779541,71826815,601728.SS,4
2022-03-28,3.430246114730835,4.010000228881836,4.03000020980835,3.9600000381469727,4.0,62486822,601728.SS,0
2022-03-29,3.430246114730835,4.010000228881836,4.03000020980835,3.990000009536743,4.010000228881836,44759474,601728.SS,1
2022-03-30,3.43880033493042,4.019999980926514,4.03000020980835,4.0,4.0,47260123,601728.SS,2
2022-03-31,3.42169189453125,4.0,4.03000020980835,4.0,4.010000228881836,44137680,601728.SS,3
2022-04-01,3.430246114730835,4.010000228881836,4.019999980926514,3.9700000286102295,3.990000009536743,41626147,601728.SS,4
2022-04-06,3.447354555130005,4.03000020980835,4.039999961853027,4.0,4.010000228881836,45996450,601728.SS,2
2022-04-07,3.42169189453125,4.0,4.050000190734863,4.0,4.019999980926514,45691252,601728.SS,3
2022-04-08,3.430246114730835,4.010000228881836,4.019999980926514,3.9800000190734863,4.0,52396590,601728.SS,4
2022-04-11,3.396029233932495,3.9700000286102295,4.010000228881836,3.950000047683716,4.010000228881836,70129823,601728.SS,0
2022-04-12,3.42169189453125,4.0,4.0,3.950000047683716,3.9600000381469727,45321040,601728.SS,1
2022-04-13,3.43880033493042,4.019999980926514,4.050000190734863,3.9700000286102295,3.990000009536743,78372464,601728.SS,2
2022-04-14,3.43880033493042,4.019999980926514,4.039999961853027,4.010000228881836,4.019999980926514,53414599,601728.SS,3
2022-04-15,3.430246114730835,4.010000228881836,4.03000020980835,3.990000009536743,4.010000228881836,53325000,601728.SS,4
2022-04-18,3.396029233932495,3.9700000286102295,4.010000228881836,3.9600000381469727,4.0,65036445,601728.SS,0
2022-04-19,3.413137674331665,3.990000009536743,3.990000009536743,3.9600000381469727,3.9800000190734863,35423204,601728.SS,1
2022-04-20,3.396029233932495,3.9700000286102295,4.0,3.9700000286102295,3.990000009536743,42888172,601728.SS,2
2022-04-21,3.3532581329345703,3.9200000762939453,3.9800000190734863,3.9100000858306885,3.9800000190734863,72015763,601728.SS,3
2022-04-22,3.38747501373291,3.9600000381469727,3.990000009536743,3.9000000953674316,3.9100000858306885,70783766,601728.SS,4
2022-04-25,3.3361499309539795,3.9000000953674316,3.990000009536743,3.869999885559082,3.930000066757202,101169239,601728.SS,0
2022-04-26,3.3019328117370605,3.859999895095825,3.9200000762939453,3.8499999046325684,3.9000000953674316,63334681,601728.SS,1
2022-04-27,3.3104867935180664,3.869999885559082,3.880000114440918,3.819999933242798,3.8399999141693115,77565570,601728.SS,2
2022-04-28,3.2933781147003174,3.8499999046325684,3.869999885559082,3.8299999237060547,3.859999895095825,66206728,601728.SS,3
2022-04-29,3.3275952339172363,3.890000104904175,3.9000000953674316,3.8499999046325684,3.859999895095825,74731977,601728.SS,4
2022-05-05,3.3104867935180664,3.869999885559082,3.880000114440918,3.859999895095825,3.880000114440918,80892835,601728.SS,3
2022-05-06,3.2848243713378906,3.8399999141693115,3.8499999046325684,3.819999933242798,3.8299999237060547,63573860,601728.SS,4
2022-05-09,3.2933781147003174,3.8499999046325684,3.859999895095825,3.8299999237060547,3.8299999237060547,37077199,601728.SS,0
2022-05-10,3.3019328117370605,3.859999895095825,3.859999895095825,3.819999933242798,3.8299999237060547,40208588,601728.SS,1
2022-05-11,3.2848243713378906,3.8399999141693115,3.890000104904175,3.8399999141693115,3.8499999046325684,80526317,601728.SS,2
2022-05-12,3.2848243713378906,3.8399999141693115,3.859999895095825,3.8299999237060547,3.8399999141693115,51102695,601728.SS,3
2022-05-13,3.2933781147003174,3.8499999046325684,3.859999895095825,3.8399999141693115,3.8399999141693115,42695370,601728.SS,4
2022-05-16,3.2933781147003174,3.8499999046325684,3.859999895095825,3.8399999141693115,3.859999895095825,37419821,601728.SS,0
2022-05-17,3.2933781147003174,3.8499999046325684,3.859999895095825,3.8399999141693115,3.8499999046325684,28038039,601728.SS,1
2022-05-18,3.3019328117370605,3.859999895095825,3.859999895095825,3.8399999141693115,3.859999895095825,39822218,601728.SS,2
2022-05-19,3.2933781147003174,3.8499999046325684,3.8499999046325684,3.8299999237060547,3.8399999141693115,42849498,601728.SS,3
2022-05-20,3.3019328117370605,3.859999895095825,3.869999885559082,3.8399999141693115,3.8499999046325684,77014676,601728.SS,4
2022-05-23,3.3190412521362305,3.880000114440918,3.890000104904175,3.8499999046325684,3.859999895095825,76016041,601728.SS,0
2022-05-24,3.2848243713378906,3.8399999141693115,3.880000114440918,3.8399999141693115,3.880000114440918,78012003,601728.SS,1
2022-05-25,3.3019328117370605,3.859999895095825,3.869999885559082,3.8399999141693115,3.8399999141693115,41914204,601728.SS,2
2022-05-26,3.3104867935180664,3.869999885559082,3.880000114440918,3.8499999046325684,3.859999895095825,41112842,601728.SS,3
2022-05-27,3.3019328117370605,3.859999895095825,3.880000114440918,3.8499999046325684,3.880000114440918,38191472,601728.SS,4
2022-05-30,3.3019328117370605,3.859999895095825,3.869999885559082,3.8499999046325684,3.869999885559082,33516807,601728.SS,0
2022-05-31,3.3104867935180664,3.869999885559082,3.880000114440918,3.8499999046325684,3.8499999046325684,51171676,601728.SS,1
2022-06-01,3.3275952339172363,3.890000104904175,3.9000000953674316,3.869999885559082,3.880000114440918,68125452,601728.SS,2
2022-06-02,3.3447039127349854,3.9100000858306885,3.9200000762939453,3.869999885559082,3.890000104904175,54715676,601728.SS,3
2022-06-06,3.3447039127349854,3.9100000858306885,3.9100000858306885,3.890000104904175,3.9100000858306885,81071842,601728.SS,0
2022-06-07,3.3447039127349854,3.9100000858306885,3.9200000762939453,3.890000104904175,3.9100000858306885,63830522,601728.SS,1
2022-06-08,3.3447039127349854,3.740000009536743,3.7799999713897705,3.7300000190734863,3.759999990463257,122770381,601728.SS,2
2022-06-09,3.353646755218506,3.75,3.759999990463257,3.7300000190734863,3.740000009536743,58599544,601728.SS,3
2022-06-10,3.380476236343384,3.7799999713897705,3.7799999713897705,3.7300000190734863,3.740000009536743,79535006,601728.SS,4
2022-06-13,3.353646755218506,3.75,3.7699999809265137,3.740000009536743,3.759999990463257,49254740,601728.SS,0
2022-06-14,3.353646755218506,3.75,3.75,3.7200000286102295,3.740000009536743,54143101,601728.SS,1
2022-06-15,3.416248083114624,3.819999933242798,3.8299999237060547,3.740000009536743,3.75,152895107,601728.SS,2
2022-06-16,3.371533155441284,3.7699999809265137,3.809999942779541,3.7699999809265137,3.799999952316284,75076394,601728.SS,3
2022-06-17,3.353646755218506,3.75,3.7699999809265137,3.740000009536743,3.759999990463257,51714166,601728.SS,4
2022-06-20,3.353646755218506,3.75,3.7699999809265137,3.740000009536743,3.75,55439740,601728.SS,0
2022-06-21,3.353646755218506,3.75,3.759999990463257,3.740000009536743,3.75,44870491,601728.SS,1
2022-06-22,3.3357605934143066,3.7300000190734863,3.759999990463257,3.7300000190734863,3.759999990463257,41881978,601728.SS,2
2022-06-23,3.3447039127349854,3.740000009536743,3.75,3.7200000286102295,3.7300000190734863,40486808,601728.SS,3
2022-06-24,3.3447039127349854,3.740000009536743,3.75,3.7300000190734863,3.740000009536743,36871941,601728.SS,4
2022-06-27,3.3447039127349854,3.740000009536743,3.75,3.7300000190734863,3.75,40732621,601728.SS,0
2022-06-28,3.353646755218506,3.75,3.75,3.7300000190734863,3.740000009536743,34819323,601728.SS,1
2022-06-29,3.3447039127349854,3.740000009536743,3.75,3.7200000286102295,3.75,54544445,601728.SS,2
2022-06-30,3.3357605934143066,3.7300000190734863,3.740000009536743,3.7200000286102295,3.7300000190734863,63467023,601728.SS,3
2022-07-01,3.326817750930786,3.7200000286102295,3.7300000190734863,3.7200000286102295,3.7200000286102295,36005842,601728.SS,4
2022-07-04,3.3357605934143066,3.7300000190734863,3.7300000190734863,3.7100000381469727,3.7200000286102295,35253069,601728.SS,0
2022-07-05,3.3178746700286865,3.7100000381469727,3.7300000190734863,3.7100000381469727,3.7300000190734863,47360300,601728.SS,1
2022-07-06,3.308931589126587,3.700000047683716,3.7200000286102295,3.690000057220459,3.7100000381469727,51906515,601728.SS,2
2022-07-07,3.308931589126587,3.700000047683716,3.7200000286102295,3.690000057220459,3.700000047683716,43095860,601728.SS,3
2022-07-08,3.3178746700286865,3.7100000381469727,3.7200000286102295,3.700000047683716,3.7100000381469727,34391473,601728.SS,4
2022-07-11,3.326817750930786,3.7200000286102295,3.740000009536743,3.690000057220459,3.7100000381469727,69466528,601728.SS,0
2022-07-12,3.3447039127349854,3.740000009536743,3.759999990463257,3.7200000286102295,3.7200000286102295,79052412,601728.SS,1
2022-07-13,3.353646755218506,3.75,3.75,3.7200000286102295,3.740000009536743,40762733,601728.SS,2
2022-07-14,3.326817750930786,3.7200000286102295,3.75,3.7200000286102295,3.75,35822629,601728.SS,3
2022-07-15,3.3178746700286865,3.7100000381469727,3.740000009536743,3.7100000381469727,3.7300000190734863,53736109,601728.SS,4
2022-07-18,3.3447039127349854,3.740000009536743,3.740000009536743,3.7100000381469727,3.7100000381469727,34053948,601728.SS,0
2022-07-19,3.3447039127349854,3.740000009536743,3.740000009536743,3.7200000286102295,3.7300000190734863,28176311,601728.SS,1
2022-07-20,3.3357605934143066,3.7300000190734863,3.75,3.7300000190734863,3.740000009536743,31718661,601728.SS,2
2022-07-21,3.3447039127349854,3.740000009536743,3.75,3.7200000286102295,3.740000009536743,43347071,601728.SS,3
2022-07-22,3.3447039127349854,3.740000009536743,3.740000009536743,3.7200000286102295,3.7300000190734863,27979112,601728.SS,4
2022-07-25,3.326817750930786,3.7200000286102295,3.740000009536743,3.7100000381469727,3.740000009536743,30638199,601728.SS,0
2022-07-26,3.3447039127349854,3.740000009536743,3.75,3.7100000381469727,3.7300000190734863,49967309,601728.SS,1
2022-07-27,3.3357605934143066,3.7300000190734863,3.75,3.7300000190734863,3.740000009536743,23580872,601728.SS,2
2022-07-28,3.3357605934143066,3.7300000190734863,3.740000009536743,3.7200000286102295,3.7300000190734863,33513976,601728.SS,3
2022-07-29,3.3178746700286865,3.7100000381469727,3.740000009536743,3.7100000381469727,3.7300000190734863,36635973,601728.SS,4
2022-08-01,3.3178746700286865,3.7100000381469727,3.7300000190734863,3.700000047683716,3.7100000381469727,31986487,601728.SS,0
2022-08-02,3.308931589126587,3.700000047683716,3.7100000381469727,3.6500000953674316,3.700000047683716,96184362,601728.SS,1
2022-08-03,3.2910454273223877,3.680000066757202,3.700000047683716,3.6700000762939453,3.680000066757202,30077671,601728.SS,2
2022-08-04,3.2910454273223877,3.680000066757202,3.690000057220459,3.6700000762939453,3.680000066757202,25838119,601728.SS,3
2022-08-05,3.308931589126587,3.700000047683716,3.700000047683716,3.6700000762939453,3.690000057220459,31819335,601728.SS,4
2022-08-08,3.308931589126587,3.700000047683716,3.700000047683716,3.680000066757202,3.690000057220459,23352042,601728.SS,0
2022-08-09,3.3357605934143066,3.7300000190734863,3.740000009536743,3.690000057220459,3.690000057220459,58108274,601728.SS,1
2022-08-10,3.326817750930786,3.7200000286102295,3.75,3.7100000381469727,3.7200000286102295,39695455,601728.SS,2
2022-08-11,3.3447039127349854,3.740000009536743,3.75,3.7200000286102295,3.7300000190734863,55279825,601728.SS,3
2022-08-12,3.353646755218506,3.75,3.759999990463257,3.740000009536743,3.759999990463257,63108243,601728.SS,4
2022-08-15,3.3625898361206055,3.759999990463257,3.759999990463257,3.740000009536743,3.75,50338459,601728.SS,0
2022-08-16,3.353646755218506,3.75,3.759999990463257,3.740000009536743,3.759999990463257,38381768,601728.SS,1
2022-08-17,3.371533155441284,3.7699999809265137,3.7699999809265137,3.7300000190734863,3.740000009536743,126263961,601728.SS,2
2022-08-18,3.371533155441284,3.7699999809265137,3.7799999713897705,3.740000009536743,3.759999990463257,71219683,601728.SS,3
2022-08-19,3.398362159729004,3.799999952316284,3.799999952316284,3.75,3.759999990463257,94871182,601728.SS,4
2022-08-22,3.4251914024353027,3.8299999237060547,3.8299999237060547,3.7699999809265137,3.7799999713897705,106698099,601728.SS,0
2022-08-23,3.398362159729004,3.799999952316284,3.819999933242798,3.7899999618530273,3.819999933242798,45691403,601728.SS,1
2022-08-24,3.3447039127349854,3.740000009536743,3.799999952316284,3.740000009536743,3.799999952316284,67696017,601728.SS,2
2022-08-25,3.3625898361206055,3.759999990463257,3.7699999809265137,3.7200000286102295,3.759999990463257,54473645,601728.SS,3
2022-08-26,3.3447039127349854,3.740000009536743,3.759999990463257,3.7300000190734863,3.759999990463257,31700885,601728.SS,4
2022-08-29,3.3447039127349854,3.740000009536743,3.740000009536743,3.7200000286102295,3.7300000190734863,28414746,601728.SS,0
2022-08-30,3.3447039127349854,3.740000009536743,3.75,3.7300000190734863,3.7300000190734863,23356890,601728.SS,1
2022-08-31,3.353646755218506,3.75,3.7699999809265137,3.7300000190734863,3.740000009536743,50319815,601728.SS,2
2022-09-01,3.3625898361206055,3.759999990463257,3.7799999713897705,3.740000009536743,3.759999990463257,54744216,601728.SS,3
2022-09-02,3.389418840408325,3.7899999618530273,3.7899999618530273,3.75,3.7699999809265137,43850338,601728.SS,4
2022-09-05,3.416248083114624,3.819999933242798,3.819999933242798,3.7699999809265137,3.7899999618530273,64701357,601728.SS,0
2022-09-06,3.4073052406311035,3.809999942779541,3.8299999237060547,3.799999952316284,3.809999942779541,57495208,601728.SS,1
2022-09-07,3.416248083114624,3.819999933242798,3.8299999237060547,3.7899999618530273,3.809999942779541,55939293,601728.SS,2
2022-09-08,3.462413787841797,3.75,3.759999990463257,3.700000047683716,3.7200000286102295,114160303,601728.SS,3
2022-09-09,3.5085792541503906,3.799999952316284,3.799999952316284,3.7300000190734863,3.75,108202910,601728.SS,4
2022-09-13,3.5178122520446777,3.809999942779541,3.8399999141693115,3.7699999809265137,3.799999952316284,93113414,601728.SS,1
2022-09-14,3.5178122520446777,3.809999942779541,3.809999942779541,3.75,3.7899999618530273,81507437,601728.SS,2
2022-09-15,3.4901132583618164,3.7799999713897705,3.819999933242798,3.7699999809265137,3.7899999618530273,54591232,601728.SS,3
2022-09-16,3.462413787841797,3.75,3.7899999618530273,3.740000009536743,3.7899999618530273,66443112,601728.SS,4
2022-09-19,3.4531805515289307,3.740000009536743,3.7799999713897705,3.7200000286102295,3.7300000190734863,43324659,601728.SS,0
2022-09-20,3.4439475536346436,3.7300000190734863,3.759999990463257,3.7200000286102295,3.75,22244100,601728.SS,1
2022-09-21,3.4531805515289307,3.740000009536743,3.759999990463257,3.7100000381469727,3.740000009536743,43731908,601728.SS,2
2022-09-22,3.471647024154663,3.759999990463257,3.759999990463257,3.7200000286102295,3.7300000190734863,32720465,601728.SS,3
2022-09-23,3.5639779567718506,3.859999895095825,3.890000104904175,3.75,3.75,237709248,601728.SS,4
2022-09-26,3.527045249938965,3.819999933242798,3.869999885559082,3.7899999618530273,3.859999895095825,100546723,601728.SS,0
2022-09-27,3.5547449588775635,3.8499999046325684,3.859999895095825,3.799999952316284,3.799999952316284,63155029,601728.SS,1
2022-09-28,3.53627872467041,3.8299999237060547,3.880000114440918,3.819999933242798,3.8499999046325684,77532928,601728.SS,2
2022-09-29,3.5178122520446777,3.809999942779541,3.859999895095825,3.7899999618530273,3.8299999237060547,65402700,601728.SS,3
2022-09-30,3.53627872467041,3.8299999237060547,3.8499999046325684,3.7899999618530273,3.809999942779541,40446274,601728.SS,4
2022-10-10,3.582443952560425,3.880000114440918,3.9100000858306885,3.819999933242798,3.8299999237060547,142168634,601728.SS,0
2022-10-11,3.582443952560425,3.880000114440918,3.890000104904175,3.859999895095825,3.890000104904175,53042115,601728.SS,1
2022-10-12,3.6378426551818848,3.940000057220459,3.950000047683716,3.869999885559082,3.880000114440918,132874063,601728.SS,2
2022-10-13,3.656308889389038,3.9600000381469727,3.9800000190734863,3.890000104904175,3.930000066757202,111224342,601728.SS,3
2022-10-14,3.6193768978118896,3.9200000762939453,3.9700000286102295,3.9000000953674316,3.9600000381469727,107957506,601728.SS,4
2022-10-17,3.6378426551818848,3.940000057220459,3.950000047683716,3.9000000953674316,3.9200000762939453,70246320,601728.SS,0
2022-10-18,3.6101436614990234,3.9100000858306885,3.940000057220459,3.890000104904175,3.930000066757202,60000727,601728.SS,1
2022-10-19,3.6193768978118896,3.9200000762939453,3.930000066757202,3.880000114440918,3.9200000762939453,53906762,601728.SS,2
2022-10-20,3.6193768978118896,3.9200000762939453,3.940000057220459,3.890000104904175,3.9100000858306885,56245720,601728.SS,3
2022-10-21,3.591677188873291,3.890000104904175,3.9200000762939453,3.869999885559082,3.890000104904175,59493752,601728.SS,4
2022-10-24,3.5547449588775635,3.8499999046325684,3.9100000858306885,3.8499999046325684,3.890000104904175,73183974,601728.SS,0
2022-10-25,3.5732109546661377,3.869999885559082,3.890000104904175,3.8399999141693115,3.8499999046325684,56091746,601728.SS,1
2022-10-26,3.5732109546661377,3.869999885559082,3.880000114440918,3.859999895095825,3.880000114440918,47951843,601728.SS,2
2022-10-27,3.647075653076172,3.950000047683716,3.9700000286102295,3.859999895095825,3.869999885559082,118800493,601728.SS,3
2022-10-28,3.6101436614990234,3.9100000858306885,3.9600000381469727,3.9000000953674316,3.940000057220459,53047600,601728.SS,4
2022-10-31,3.6286098957061768,3.930000066757202,3.950000047683716,3.890000104904175,3.9000000953674316,65049546,601728.SS,0
2022-11-01,3.656308889389038,3.9600000381469727,3.9800000190734863,3.9200000762939453,3.930000066757202,65111357,601728.SS,1
2022-11-02,3.7209408283233643,4.03000020980835,4.150000095367432,3.9200000762939453,3.9600000381469727,170252326,601728.SS,2
2022-11-03,3.647075653076172,3.950000047683716,4.0,3.930000066757202,3.990000009536743,92225502,601728.SS,3
2022-11-04,3.6655423641204834,3.9700000286102295,3.9700000286102295,3.9200000762939453,3.930000066757202,78045716,601728.SS,4
2022-11-07,3.647075653076172,3.950000047683716,3.9600000381469727,3.940000057220459,3.950000047683716,55629917,601728.SS,0
2022-11-08,3.6378426551818848,3.940000057220459,3.9600000381469727,3.930000066757202,3.950000047683716,44801236,601728.SS,1
2022-11-09,3.6378426551818848,3.940000057220459,3.9600000381469727,3.930000066757202,3.940000057220459,31610571,601728.SS,2
2022-11-10,3.656308889389038,3.9600000381469727,3.9700000286102295,3.930000066757202,3.940000057220459,44448534,601728.SS,3
2022-11-11,3.6747753620147705,3.9800000190734863,4.0,3.9700000286102295,4.0,53271725,601728.SS,4
2022-11-14,3.6193768978118896,3.9200000762939453,3.990000009536743,3.9200000762939453,3.990000009536743,71670665,601728.SS,0
2022-11-15,3.6009106636047363,3.9000000953674316,3.940000057220459,3.869999885559082,3.9200000762939453,104776339,601728.SS,1
2022-11-16,3.6009106636047363,3.9000000953674316,3.9200000762939453,3.880000114440918,3.890000104904175,50851571,601728.SS,2
2022-11-17,3.6101436614990234,3.9100000858306885,3.9100000858306885,3.880000114440918,3.9000000953674316,34836655,601728.SS,3
2022-11-18,3.6193768978118896,3.9200000762939453,3.940000057220459,3.9000000953674316,3.9200000762939453,75951190,601728.SS,4
2022-11-21,3.591677188873291,3.890000104904175,3.9100000858306885,3.890000104904175,3.9000000953674316,36168481,601728.SS,0
2022-11-22,3.7209408283233643,4.03000020980835,4.150000095367432,3.890000104904175,3.9000000953674316,295193201,601728.SS,1
2022-11-23,3.7209408283233643,4.03000020980835,4.079999923706055,3.9700000286102295,4.0,146279833,601728.SS,2
2022-11-24,3.711707353591919,4.019999980926514,4.059999942779541,3.990000009536743,4.019999980926514,71428747,601728.SS,3
2022-11-25,3.8686704635620117,4.190000057220459,4.260000228881836,4.0,4.010000228881836,425726918,601728.SS,4
2022-11-28,3.877903699874878,4.199999809265137,4.25,4.099999904632568,4.119999885559082,197635021,601728.SS,0
2022-11-29,3.8594372272491455,4.179999828338623,4.239999771118164,4.150000095367432,4.199999809265137,131215606,601728.SS,1
2022-11-30,4.007166862487793,4.340000152587891,4.389999866485596,4.170000076293945,4.179999828338623,351669285,601728.SS,2
2022-12-01,4.0440993309021,4.380000114440918,4.659999847412109,4.28000020980835,4.309999942779541,412805480,601728.SS,3
2022-12-02,4.007166862487793,4.340000152587891,4.420000076293945,4.300000190734863,4.349999904632568,177526513,601728.SS,4
2022-12-05,4.23799467086792,4.590000152587891,4.659999847412109,4.380000114440918,4.409999847412109,544696113,601728.SS,0
2022-12-06,4.1548967361450195,4.5,4.570000171661377,4.449999809265137,4.510000228881836,261048238,601728.SS,1
2022-12-07,4.053332328796387,4.389999866485596,4.5,4.329999923706055,4.489999771118164,267630499,601728.SS,2
2022-12-08,4.025633335113525,4.360000133514404,4.389999866485596,4.320000171661377,4.380000114440918,172720691,601728.SS,3
2022-12-09,4.062565326690674,4.400000095367432,4.480000019073486,4.329999923706055,4.349999904632568,277695328,601728.SS,4
2022-12-12,4.127196788787842,4.46999979019165,4.599999904632568,4.369999885559082,4.380000114440918,253952195,601728.SS,0
2022-12-13,4.090264797210693,4.429999828338623,4.489999771118164,4.380000114440918,4.46999979019165,94870128,601728.SS,1
2022-12-14,4.016399383544922,4.349999904632568,4.480000019073486,4.340000152587891,4.429999828338623,120893569,601728.SS,2
2022-12-15,4.007166862487793,4.340000152587891,4.389999866485596,4.329999923706055,4.369999885559082,104352744,601728.SS,3
2022-12-16,3.988701105117798,4.320000171661377,4.360000133514404,4.309999942779541,4.309999942779541,90549474,601728.SS,4
2022-12-19,3.8502042293548584,4.170000076293945,4.340000152587891,4.130000114440918,4.320000171661377,141287381,601728.SS,0
2022-12-20,3.8502042293548584,4.170000076293945,4.230000019073486,4.139999866485596,4.179999828338623,75513599,601728.SS,1
2022-12-21,3.822504997253418,4.139999866485596,4.199999809265137,4.110000133514404,4.170000076293945,80343246,601728.SS,2
2022-12-22,3.813271999359131,4.130000114440918,4.230000019073486,4.099999904632568,4.150000095367432,109004528,601728.SS,3
2022-12-23,3.9056026935577393,4.230000019073486,4.25,4.110000133514404,4.110000133514404,108021029,601728.SS,4
2022-12-26,3.887136220932007,4.210000038146973,4.300000190734863,4.190000057220459,4.21999979019165,71139477,601728.SS,0
2022-12-27,3.9148356914520264,4.239999771118164,4.260000228881836,4.199999809265137,4.21999979019165,72790804,601728.SS,1
2022-12-28,3.9056026935577393,4.230000019073486,4.300000190734863,4.190000057220459,4.239999771118164,81099341,601728.SS,2
2022-12-29,3.877903699874878,4.199999809265137,4.239999771118164,4.159999847412109,4.21999979019165,73526446,601728.SS,3
2022-12-30,3.8686704635620117,4.190000057220459,4.230000019073486,4.159999847412109,4.210000038146973,59333375,601728.SS,4
2023-01-03,4.016399383544922,4.349999904632568,4.420000076293945,4.150000095367432,4.179999828338623,188696184,601728.SS,1
2023-01-04,4.0440993309021,4.380000114440918,4.409999847412109,4.320000171661377,4.329999923706055,121721565,601728.SS,2
2023-01-05,4.025633335113525,4.360000133514404,4.480000019073486,4.349999904632568,4.380000114440918,116206004,601728.SS,3
2023-01-06,3.9702348709106445,4.300000190734863,4.360000133514404,4.269999980926514,4.349999904632568,112133503,601728.SS,4
2023-01-09,4.016399383544922,4.349999904632568,4.360000133514404,4.269999980926514,4.300000190734863,104959185,601728.SS,0
2023-01-10,3.9794678688049316,4.309999942779541,4.360000133514404,4.300000190734863,4.340000152587891,70322203,601728.SS,1
2023-01-11,4.016399383544922,4.349999904632568,4.380000114440918,4.300000190734863,4.309999942779541,120521250,601728.SS,2
2023-01-12,4.062565326690674,4.400000095367432,4.429999828338623,4.309999942779541,4.329999923706055,127922894,601728.SS,3
2023-01-13,4.099498271942139,4.440000057220459,4.449999809265137,4.369999885559082,4.389999866485596,130861463,601728.SS,4
2023-01-16,4.016399383544922,4.349999904632568,4.449999809265137,4.329999923706055,4.429999828338623,172883398,601728.SS,0
2023-01-17,3.9702348709106445,4.300000190734863,4.369999885559082,4.289999961853027,4.340000152587891,84896231,601728.SS,1
2023-01-18,4.053332328796387,4.389999866485596,4.429999828338623,4.260000228881836,4.289999961853027,155285734,601728.SS,2
2023-01-19,4.071798801422119,4.409999847412109,4.449999809265137,4.349999904632568,4.380000114440918,122441454,601728.SS,3
2023-01-20,4.478055000305176,4.849999904632568,4.849999904632568,4.440000057220459,4.440000057220459,797846042,601728.SS,4
2023-01-30,4.616551876068115,5.0,5.110000133514404,4.840000152587891,4.980000019073486,740630217,601728.SS,0
2023-01-31,4.616551876068115,5.0,5.039999961853027,4.869999885559082,4.949999809265137,368999351,601728.SS,1
2023-02-01,4.644250869750977,5.03000020980835,5.170000076293945,4.929999828338623,4.960000038146973,327291913,601728.SS,2
2023-02-02,4.745815277099609,5.139999866485596,5.25,5.0,5.019999980926514,366037855,601728.SS,3
2023-02-03,4.736582279205322,5.130000114440918,5.159999847412109,5.0,5.090000152587891,236712798,601728.SS,4
2023-02-06,4.662717342376709,5.050000190734863,5.170000076293945,4.960000038146973,5.03000020980835,260821784,601728.SS,0
2023-02-07,4.644250869750977,5.03000020980835,5.079999923706055,5.0,5.039999961853027,150392684,601728.SS,1
2023-02-08,4.5057549476623535,4.880000114440918,5.03000020980835,4.869999885559082,4.980000019073486,261841839,601728.SS,2
2023-02-09,4.644250869750977,5.03000020980835,5.130000114440918,4.809999942779541,4.829999923706055,201796707,601728.SS,3
2023-02-10,4.6257853507995605,5.010000228881836,5.170000076293945,4.96999979019165,5.010000228881836,150071022,601728.SS,4
2023-02-13,4.69041633605957,5.079999923706055,5.099999904632568,4.949999809265137,4.96999979019165,194738619,601728.SS,0
2023-02-14,4.681183815002441,5.070000171661377,5.150000095367432,5.010000228881836,5.079999923706055,111446149,601728.SS,1
2023-02-15,4.865845680236816,5.269999980926514,5.53000020980835,5.070000171661377,5.090000152587891,312170576,601728.SS,2
2023-02-16,5.262868881225586,5.699999809265137,5.800000190734863,5.230000019073486,5.269999980926514,554264034,601728.SS,3
2023-02-17,5.032040596008301,5.449999809265137,5.75,5.380000114440918,5.710000038146973,405778718,601728.SS,4
2023-02-20,5.539862155914307,6.0,6.0,5.449999809265137,5.599999904632568,727250588,601728.SS,0
2023-02-21,5.678358554840088,6.150000095367432,6.179999828338623,5.829999923706055,6.039999961853027,662831717,601728.SS,1
2023-02-22,5.244401931762695,5.679999828338623,6.010000228881836,5.659999847412109,6.010000228881836,809373630,601728.SS,2
2023-02-23,5.032040596008301,5.449999809265137,5.639999866485596,5.380000114440918,5.579999923706055,726371847,601728.SS,3
2023-02-24,5.105906963348389,5.53000020980835,5.610000133514404,5.349999904632568,5.429999828338623,569600714,601728.SS,4
2023-02-27,5.078207015991211,5.5,5.619999885559082,5.440000057220459,5.449999809265137,467459421,601728.SS,0
2023-02-28,5.401365756988525,5.849999904632568,5.949999809265137,5.630000114440918,5.71999979019165,902445694,601728.SS,1
2023-03-01,5.863020896911621,6.349999904632568,6.420000076293945,5.75,5.78000020980835,981057198,601728.SS,2
2023-03-02,5.798389434814453,6.28000020980835,6.380000114440918,6.139999866485596,6.25,542295399,601728.SS,3
2023-03-03,5.890719890594482,6.380000114440918,6.659999847412109,6.070000171661377,6.130000114440918,667168511,601728.SS,4
2023-03-06,5.927652359008789,6.420000076293945,6.659999847412109,6.28000020980835,6.449999809265137,587533000,601728.SS,0
2023-03-07,5.687592029571533,6.159999847412109,6.610000133514404,6.099999904632568,6.329999923706055,653625752,601728.SS,1
2023-03-08,5.95535135269165,6.449999809265137,6.449999809265137,6.110000133514404,6.159999847412109,484247663,601728.SS,2
2023-03-09,6.278510093688965,6.800000190734863,6.949999809265137,6.25,6.389999866485596,693359672,601728.SS,3
2023-03-10,6.121548175811768,6.630000114440918,7.03000020980835,6.570000171661377,6.679999828338623,658496360,601728.SS,4
2023-03-13,6.703233242034912,7.260000228881836,7.269999980926514,6.630000114440918,6.650000095367432,790967716,601728.SS,0
2023-03-14,6.7216997146606445,7.28000020980835,7.510000228881836,7.039999961853027,7.119999885559082,692732110,601728.SS,1
2023-03-15,6.601668834686279,7.150000095367432,7.329999923706055,7.010000228881836,7.269999980926514,459893691,601728.SS,2
2023-03-16,6.500104904174805,7.039999961853027,7.300000190734863,6.949999809265137,7.079999923706055,506412545,601728.SS,3
2023-03-17,6.693999767303467,7.25,7.25,6.940000057220459,7.050000190734863,620005786,601728.SS,4
2023-03-20,6.029216766357422,6.53000020980835,7.28000020980835,6.53000020980835,7.210000038146973,965962033,601728.SS,0
2023-03-21,6.112314701080322,6.619999885559082,6.699999809265137,6.420000076293945,6.420000076293945,582581893,601728.SS,1
2023-03-22,6.186179161071777,6.699999809265137,6.849999904632568,6.480000019073486,6.550000190734863,588000306,601728.SS,2
2023-03-23,6.361608505249023,6.889999866485596,6.929999828338623,6.519999980926514,6.849999904632568,891549204,601728.SS,3
2023-03-24,6.121548175811768,6.630000114440918,6.800000190734863,6.510000228881836,6.78000020980835,700052198,601728.SS,4
2023-03-27,5.863020896911621,6.349999904632568,6.639999866485596,6.119999885559082,6.550000190734863,895751714,601728.SS,0
2023-03-28,5.927652359008789,6.420000076293945,6.559999942779541,6.239999771118164,6.300000190734863,659140418,601728.SS,1
2023-03-29,5.83532190322876,6.320000171661377,6.420000076293945,6.119999885559082,6.360000133514404,612984486,601728.SS,2
2023-03-30,5.613726615905762,6.079999923706055,6.400000095367432,6.03000020980835,6.289999961853027,639192746,601728.SS,3
2023-03-31,5.844554424285889,6.329999923706055,6.429999828338623,6.050000190734863,6.099999904632568,602553161,601728.SS,4
2023-04-03,6.019983291625977,6.519999980926514,6.619999885559082,6.230000019073486,6.269999980926514,708958197,601728.SS,0
2023-04-04,6.4354729652404785,6.96999979019165,7.079999923706055,6.440000057220459,6.46999979019165,931677510,601728.SS,1
2023-04-06,6.389307498931885,6.920000076293945,7.019999980926514,6.630000114440918,6.809999942779541,555849093,601728.SS,3
2023-04-07,6.444706439971924,6.980000019073486,7.119999885559082,6.760000228881836,6.869999885559082,401731371,601728.SS,4
2023-04-10,6.361608505249023,6.889999866485596,7.239999771118164,6.869999885559082,6.920000076293945,572445573,601728.SS,0
2023-04-11,6.112314701080322,6.619999885559082,6.840000152587891,6.5,6.809999942779541,547027303,601728.SS,1
2023-04-12,6.481638431549072,7.019999980926514,7.119999885559082,6.559999942779541,6.579999923706055,647243963,601728.SS,2
2023-04-13,6.278510093688965,6.800000190734863,7.0,6.670000076293945,6.900000095367432,433860357,601728.SS,3
2023-04-14,6.361608505249023,6.889999866485596,7.03000020980835,6.739999771118164,6.820000171661377,404839165,601728.SS,4
2023-04-17,6.490871906280518,7.03000020980835,7.070000171661377,6.71999979019165,6.820000171661377,496424919,601728.SS,0
2023-04-18,6.537036895751953,7.079999923706055,7.150000095367432,6.829999923706055,6.909999847412109,520010908,601728.SS,1
2023-04-19,6.2508111000061035,6.769999980926514,7.039999961853027,6.739999771118164,7.03000020980835,502542822,601728.SS,2
2023-04-20,6.2969770431518555,6.820000171661377,6.880000114440918,6.650000095367432,6.800000190734863,383500618,601728.SS,3
2023-04-21,6.1307806968688965,6.639999866485596,6.900000095367432,6.639999866485596,6.840000152587891,406064675,601728.SS,4
2023-04-24,6.1492462158203125,6.659999847412109,6.829999923706055,6.550000190734863,6.619999885559082,315763100,601728.SS,0
2023-04-25,6.010750770568848,6.510000228881836,6.699999809265137,6.389999866485596,6.670000076293945,357896156,601728.SS,1
2023-04-26,5.992284297943115,6.489999771118164,6.550000190734863,6.28000020980835,6.440000057220459,318333369,601728.SS,2
2023-04-27,6.029216766357422,6.53000020980835,6.590000152587891,6.309999942779541,6.380000114440918,290689536,601728.SS,3
2023-04-28,6.176946640014648,6.690000057220459,6.710000038146973,6.510000228881836,6.539999961853027,253556967,601728.SS,4
2023-05-04,6.140013694763184,6.650000095367432,6.71999979019165,6.489999771118164,6.610000133514404,260819023,601728.SS,3
2023-05-05,6.103081703186035,6.610000133514404,6.820000171661377,6.489999771118164,6.650000095367432,289866803,601728.SS,4
2023-05-08,6.361608505249023,6.889999866485596,7.010000228881836,6.53000020980835,6.579999923706055,467061625,601728.SS,0
2023-05-09,6.140013694763184,6.650000095367432,6.960000038146973,6.619999885559082,6.849999904632568,332830469,601728.SS,1
2023-05-10,6.232345104217529,6.75,6.920000076293945,6.550000190734863,6.650000095367432,287876421,601728.SS,2
2023-05-11,6.047683238983154,6.550000190734863,6.71999979019165,6.5,6.71999979019165,260332117,601728.SS,3
2023-05-12,5.899953365325928,6.389999866485596,6.690000057220459,6.380000114440918,6.550000190734863,234111666,601728.SS,4
2023-05-15,5.76145601272583,6.239999771118164,6.380000114440918,6.019999980926514,6.360000133514404,410561665,601728.SS,0
2023-05-16,5.6414265632629395,6.110000133514404,6.300000190734863,6.059999942779541,6.199999809265137,221318156,601728.SS,1
2023-05-17,5.401365756988525,5.849999904632568,6.050000190734863,5.739999771118164,6.050000190734863,534357591,601728.SS,2
2023-05-18,5.447531700134277,5.900000095367432,5.980000019073486,5.829999923706055,5.869999885559082,282876979,601728.SS,3
2023-05-19,5.392132759094238,5.840000152587891,5.949999809265137,5.75,5.840000152587891,219873591,601728.SS,4
2023-05-22,5.438297748565674,5.889999866485596,5.960000038146973,5.789999961853027,5.820000171661377,174516009,601728.SS,0
2023-05-23,5.262868881225586,5.699999809265137,5.920000076293945,5.690000057220459,5.880000114440918,242081637,601728.SS,1
2023-05-24,5.207470417022705,5.639999866485596,5.739999771118164,5.630000114440918,5.670000076293945,174700457,601728.SS,2
2023-05-25,5.235170364379883,5.670000076293945,5.710000038146973,5.510000228881836,5.670000076293945,214290963,601728.SS,3
2023-05-26,5.30903434753418,5.75,5.789999961853027,5.579999923706055,5.659999847412109,258146734,601728.SS,4
2023-05-29,5.364433288574219,5.809999942779541,5.860000133514404,5.739999771118164,5.78000020980835,201445252,601728.SS,0
2023-05-30,5.539862155914307,6.0,6.010000228881836,5.75,5.789999961853027,296249450,601728.SS,1
2023-05-31,5.622960090637207,6.090000152587891,6.139999866485596,5.929999828338623,5.96999979019165,223487830,601728.SS,2
2023-06-01,5.706058025360107,6.179999828338623,6.230000019073486,6.010000228881836,6.050000190734863,240015944,601728.SS,3
2023-06-02,5.706058025360107,6.179999828338623,6.260000228881836,6.110000133514404,6.190000057220459,171776299,601728.SS,4
2023-06-05,5.678358554840088,6.150000095367432,6.25,6.130000114440918,6.150000095367432,174897024,601728.SS,0
2023-06-06,5.632192611694336,6.099999904632568,6.239999771118164,6.079999923706055,6.179999828338623,151197610,601728.SS,1
2023-06-07,5.650659561157227,6.119999885559082,6.159999847412109,6.039999961853027,6.090000152587891,101900373,601728.SS,2
2023-06-08,5.696824550628662,6.170000076293945,6.179999828338623,5.929999828338623,6.099999904632568,163050018,601728.SS,3
2023-06-09,6.067015647888184,6.489999771118164,6.489999771118164,6.039999961853027,6.090000152587891,254049025,601728.SS,4
2023-06-12,5.870702743530273,6.28000020980835,6.380000114440918,6.25,6.329999923706055,287651221,601728.SS,0
2023-06-13,5.777219772338867,6.179999828338623,6.28000020980835,6.079999923706055,6.25,223830258,601728.SS,1
2023-06-14,5.655693054199219,6.050000190734863,6.179999828338623,6.019999980926514,6.170000076293945,209787364,601728.SS,2
2023-06-15,5.599603176116943,5.989999771118164,6.110000133514404,5.920000076293945,6.050000190734863,222948093,601728.SS,3
2023-06-16,5.571557998657227,5.960000038146973,6.0,5.920000076293945,5.980000019073486,236194478,601728.SS,4
2023-06-19,5.693085670471191,6.090000152587891,6.119999885559082,5.840000152587891,5.96999979019165,354821088,601728.SS,0
2023-06-20,5.665040493011475,6.059999942779541,6.179999828338623,6.0,6.059999942779541,228044008,601728.SS,1
2023-06-21,5.300459384918213,5.670000076293945,6.010000228881836,5.650000095367432,6.010000228881836,395148183,601728.SS,2
2023-06-26,5.281763076782227,5.650000095367432,5.78000020980835,5.53000020980835,5.579999923706055,210265387,601728.SS,0
2023-06-27,5.365896224975586,5.739999771118164,5.840000152587891,5.610000133514404,5.659999847412109,245901861,601728.SS,1
2023-06-28,5.253717422485352,5.619999885559082,5.730000019073486,5.570000171661377,5.710000038146973,192347549,601728.SS,2
2023-06-29,5.300459384918213,5.670000076293945,5.699999809265137,5.599999904632568,5.599999904632568,150914826,601728.SS,3
2023-06-30,5.263065814971924,5.630000114440918,5.71999979019165,5.599999904632568,5.659999847412109,186626338,601728.SS,4
2023-07-03,5.365896224975586,5.739999771118164,5.769999980926514,5.579999923706055,5.639999866485596,255816899,601728.SS,0
2023-07-04,5.421986103057861,5.800000190734863,5.829999923706055,5.710000038146973,5.71999979019165,174758837,601728.SS,1
2023-07-05,5.412638187408447,5.789999961853027,5.880000114440918,5.760000228881836,5.829999923706055,128182100,601728.SS,2
2023-07-06,5.412638187408447,5.789999961853027,5.829999923706055,5.75,5.78000020980835,94257324,601728.SS,3
2023-07-07,5.356548309326172,5.730000019073486,5.809999942779541,5.679999828338623,5.760000228881836,96799800,601728.SS,4
2023-07-10,5.356548309326172,5.730000019073486,5.789999961853027,5.699999809265137,5.75,74454778,601728.SS,0
2023-07-11,5.328503608703613,5.699999809265137,5.739999771118164,5.650000095367432,5.730000019073486,160520984,601728.SS,1
2023-07-12,5.1134934425354,5.46999979019165,5.710000038146973,5.460000038146973,5.699999809265137,288360823,601728.SS,2
2023-07-13,5.206976413726807,5.570000171661377,5.590000152587891,5.480000019073486,5.519999980926514,226500123,601728.SS,3
2023-07-14,5.524816989898682,5.909999847412109,6.019999980926514,5.519999980926514,5.550000190734863,481754498,601728.SS,4
2023-07-17,5.478075981140137,5.860000133514404,5.989999771118164,5.800000190734863,5.849999904632568,227060938,601728.SS,0
2023-07-18,5.403289794921875,5.78000020980835,5.880000114440918,5.769999980926514,5.820000171661377,124221868,601728.SS,1
2023-07-19,5.45937967300415,5.840000152587891,5.849999904632568,5.739999771118164,5.760000228881836,117496705,601728.SS,2
2023-07-20,5.375244617462158,5.75,5.869999885559082,5.730000019073486,5.829999923706055,114751427,601728.SS,3
2023-07-21,5.375244617462158,5.75,5.78000020980835,5.699999809265137,5.75,112311205,601728.SS,4
2023-07-24,5.412638187408447,5.789999961853027,5.869999885559082,5.690000057220459,5.730000019073486,115680189,601728.SS,0
2023-07-25,5.440682888031006,5.820000171661377,5.920000076293945,5.769999980926514,5.860000133514404,134024067,601728.SS,1
2023-07-26,5.3378520011901855,5.710000038146973,5.820000171661377,5.690000057220459,5.820000171661377,125430461,601728.SS,2
2023-07-27,5.253717422485352,5.619999885559082,5.71999979019165,5.590000152587891,5.710000038146973,128327253,601728.SS,3
2023-07-28,5.440682888031006,5.820000171661377,5.880000114440918,5.579999923706055,5.599999904632568,226103613,601728.SS,4
2023-07-31,5.309806823730469,5.679999828338623,5.909999847412109,5.639999866485596,5.840000152587891,296827268,601728.SS,0
2023-08-01,5.356548309326172,5.730000019073486,5.769999980926514,5.659999847412109,5.699999809265137,124170823,601728.SS,1
2023-08-02,5.300459384918213,5.670000076293945,5.71999979019165,5.650000095367432,5.71999979019165,106361200,601728.SS,2
2023-08-03,5.272414207458496,5.639999866485596,5.690000057220459,5.599999904632568,5.639999866485596,135909245,601728.SS,3
2023-08-04,5.496772766113281,5.880000114440918,5.989999771118164,5.650000095367432,5.659999847412109,425008898,601728.SS,4
2023-08-07,5.403289794921875,5.78000020980835,5.900000095367432,5.760000228881836,5.809999942779541,163265551,601728.SS,0
2023-08-08,5.421986103057861,5.800000190734863,5.829999923706055,5.75,5.769999980926514,99536115,601728.SS,1
2023-08-09,5.365896224975586,5.739999771118164,5.840000152587891,5.730000019073486,5.829999923706055,125455555,601728.SS,2
2023-08-10,5.468727111816406,5.849999904632568,5.900000095367432,5.739999771118164,5.75,163840529,601728.SS,3
2023-08-11,5.468727111816406,5.849999904632568,6.099999904632568,5.829999923706055,5.840000152587891,366102003,601728.SS,4
2023-08-14,5.608951568603516,6.0,6.090000152587891,5.769999980926514,5.809999942779541,282795835,601728.SS,0
2023-08-15,5.55286169052124,5.940000057220459,6.0,5.869999885559082,5.989999771118164,171881224,601728.SS,1
2023-08-16,5.393941879272461,5.769999980926514,5.960000038146973,5.699999809265137,5.929999828338623,167545958,601728.SS,2
2023-08-17,5.384593486785889,5.760000228881836,5.769999980926514,5.639999866485596,5.71999979019165,120479302,601728.SS,3
2023-08-18,5.253717422485352,5.619999885559082,5.75,5.619999885559082,5.75,133442385,601728.SS,4
2023-08-21,5.309806823730469,5.679999828338623,5.789999961853027,5.599999904632568,5.619999885559082,136078465,601728.SS,0
2023-08-22,5.599603176116943,5.989999771118164,6.0,5.710000038146973,5.710000038146973,399836669,601728.SS,1
2023-08-23,5.543513298034668,5.929999828338623,6.070000171661377,5.920000076293945,5.929999828338623,200906362,601728.SS,2
2023-08-24,5.421986103057861,5.800000190734863,6.0,5.769999980926514,5.960000038146973,196549524,601728.SS,3
2023-08-25,5.412638187408447,5.789999961853027,5.880000114440918,5.690000057220459,5.75,167528194,601728.SS,4
2023-08-28,5.562209606170654,5.949999809265137,6.119999885559082,5.869999885559082,6.079999923706055,215158916,601728.SS,0
2023-08-29,5.618299961090088,6.010000228881836,6.059999942779541,5.889999866485596,5.900000095367432,199888237,601728.SS,1
2023-08-30,5.543513298034668,5.929999828338623,6.070000171661377,5.900000095367432,6.010000228881836,174097112,601728.SS,2
2023-08-31,5.517840385437012,5.760000228881836,5.849999904632568,5.679999828338623,5.820000171661377,154141144,601728.SS,3
2023-09-01,5.479521751403809,5.71999979019165,5.789999961853027,5.659999847412109,5.769999980926514,113400027,601728.SS,4
2023-09-04,5.661533832550049,5.909999847412109,5.929999828338623,5.710000038146973,5.75,223057346,601728.SS,0
2023-09-05,5.546579360961914,5.789999961853027,5.929999828338623,5.78000020980835,5.880000114440918,121557200,601728.SS,1
2023-09-06,5.584897041320801,5.829999923706055,5.840000152587891,5.71999979019165,5.78000020980835,90606108,601728.SS,2
2023-09-07,5.604056358337402,5.849999904632568,5.920000076293945,5.789999961853027,5.820000171661377,121610946,601728.SS,3
2023-09-08,5.661533832550049,5.909999847412109,5.940000057220459,5.769999980926514,5.840000152587891,139246736,601728.SS,4
2023-09-11,5.661533832550049,5.909999847412109,5.949999809265137,5.849999904632568,5.920000076293945,120537841,601728.SS,0
2023-09-12,5.747750282287598,6.0,6.019999980926514,5.860000133514404,5.880000114440918,171064117,601728.SS,1
2023-09-13,5.766909599304199,6.019999980926514,6.059999942779541,5.940000057220459,5.989999771118164,192598276,601728.SS,2
2023-09-14,5.9393415451049805,6.199999809265137,6.239999771118164,5.980000019073486,6.0,256553099,601728.SS,3
2023-09-15,5.881864070892334,6.139999866485596,6.260000228881836,6.119999885559082,6.190000057220459,177805771,601728.SS,4
2023-09-18,5.757329940795898,6.010000228881836,6.119999885559082,5.980000019073486,6.110000133514404,154786660,601728.SS,0
2023-09-19,5.7764892578125,6.03000020980835,6.070000171661377,5.980000019073486,5.989999771118164,88942661,601728.SS,1
2023-09-20,5.699852466583252,5.949999809265137,6.059999942779541,5.949999809265137,6.010000228881836,98196506,601728.SS,2
2023-09-21,5.747750282287598,6.0,6.019999980926514,5.909999847412109,5.929999828338623,96005109,601728.SS,3
2023-09-22,5.786068439483643,6.039999961853027,6.050000190734863,5.949999809265137,5.980000019073486,111822011,601728.SS,4
2023-09-25,5.728590965270996,5.980000019073486,6.03000020980835,5.940000057220459,6.019999980926514,72974808,601728.SS,0
2023-09-26,5.584897041320801,5.829999923706055,5.980000019073486,5.800000190734863,5.96999979019165,154578220,601728.SS,1
2023-09-27,5.613636016845703,5.860000133514404,5.880000114440918,5.809999942779541,5.820000171661377,98905247,601728.SS,2
2023-09-28,5.546579360961914,5.789999961853027,5.880000114440918,5.769999980926514,5.869999885559082,137911076,601728.SS,3
2023-10-09,5.613636016845703,5.860000133514404,5.900000095367432,5.71999979019165,5.78000020980835,172272975,601728.SS,0
2023-10-10,5.584897041320801,5.829999923706055,5.889999866485596,5.789999961853027,5.849999904632568,94465565,601728.SS,1
2023-10-11,5.546579360961914,5.789999961853027,5.869999885559082,5.78000020980835,5.809999942779541,78579461,601728.SS,2
2023-10-12,5.651954174041748,5.900000095367432,5.96999979019165,5.789999961853027,5.829999923706055,167551821,601728.SS,3
2023-10-13,5.651954174041748,5.900000095367432,5.940000057220459,5.809999942779541,5.849999904632568,106829088,601728.SS,4
2023-10-16,5.699852466583252,5.949999809265137,5.980000019073486,5.849999904632568,5.900000095367432,126129463,601728.SS,0
2023-10-17,5.853126049041748,6.110000133514404,6.179999828338623,5.929999828338623,5.940000057220459,193741729,601728.SS,1
2023-10-18,5.862705230712891,6.119999885559082,6.139999866485596,6.03000020980835,6.070000171661377,136508094,601728.SS,2
2023-10-19,5.719011306762695,5.96999979019165,6.139999866485596,5.960000038146973,6.090000152587891,105553458,601728.SS,3
2023-10-20,5.49868106842041,5.739999771118164,5.960000038146973,5.710000038146973,5.949999809265137,167705732,601728.SS,4
2023-10-23,5.441203594207764,5.679999828338623,5.78000020980835,5.610000133514404,5.739999771118164,117262880,601728.SS,0
2023-10-24,5.354987621307373,5.590000152587891,5.710000038146973,5.53000020980835,5.690000057220459,166725605,601728.SS,1
2023-10-25,5.172975063323975,5.400000095367432,5.630000114440918,5.349999904632568,5.610000133514404,267548674,601728.SS,2
2023-10-26,5.192134857177734,5.420000076293945,5.429999828338623,5.309999942779541,5.360000133514404,127992973,601728.SS,3
2023-10-27,5.192134857177734,5.420000076293945,5.449999809265137,5.369999885559082,5.380000114440918,136456500,601728.SS,4
2023-10-30,5.086759090423584,5.309999942779541,5.420000076293945,5.199999809265137,5.409999847412109,210009842,601728.SS,0
2023-10-31,5.105917930603027,5.329999923706055,5.380000114440918,5.260000228881836,5.28000020980835,146271558,601728.SS,1
2023-11-01,5.096338748931885,5.320000171661377,5.340000152587891,5.269999980926514,5.329999923706055,98519182,601728.SS,2
2023-11-02,5.105917930603027,5.329999923706055,5.380000114440918,5.320000171661377,5.320000171661377,88002183,601728.SS,3
2023-11-03,5.115498065948486,5.340000152587891,5.360000133514404,5.300000190734863,5.320000171661377,99554854,601728.SS,4
2023-11-06,5.05802059173584,5.28000020980835,5.369999885559082,5.230000019073486,5.349999904632568,245098837,601728.SS,0
2023-11-07,5.038861274719238,5.260000228881836,5.28000020980835,5.21999979019165,5.269999980926514,145755938,601728.SS,1
2023-11-08,5.0197014808654785,5.239999771118164,5.25,5.210000038146973,5.239999771118164,123978996,601728.SS,2
2023-11-09,5.038861274719238,5.260000228881836,5.269999980926514,5.230000019073486,5.239999771118164,107000300,601728.SS,3
2023-11-10,5.010122299194336,5.230000019073486,5.269999980926514,5.199999809265137,5.25,99677165,601728.SS,4
2023-11-13,5.05802059173584,5.28000020980835,5.28000020980835,5.210000038146973,5.25,122107949,601728.SS,0
2023-11-14,5.048440456390381,5.269999980926514,5.300000190734863,5.25,5.269999980926514,91475561,601728.SS,1
2023-11-15,5.0197014808654785,5.239999771118164,5.300000190734863,5.230000019073486,5.289999961853027,111775120,601728.SS,2
2023-11-16,4.914326190948486,5.130000114440918,5.239999771118164,5.119999885559082,5.239999771118164,197488068,601728.SS,3
2023-11-17,4.847269535064697,5.059999942779541,5.099999904632568,4.989999771118164,5.099999904632568,235768974,601728.SS,4
2023-11-20,4.847269535064697,5.059999942779541,5.079999923706055,5.0,5.039999961853027,114952547,601728.SS,0
2023-11-21,4.847269535064697,5.059999942779541,5.099999904632568,5.050000190734863,5.059999942779541,115258683,601728.SS,1
2023-11-22,4.9526448249816895,5.170000076293945,5.25,5.050000190734863,5.059999942779541,247064118,601728.SS,2
2023-11-23,4.96222448348999,5.179999828338623,5.190000057220459,5.119999885559082,5.159999847412109,96124018,601728.SS,3
2023-11-24,4.943065166473389,5.159999847412109,5.210000038146973,5.150000095367432,5.179999828338623,87307654,601728.SS,4
2023-11-27,4.885587692260742,5.099999904632568,5.170000076293945,5.050000190734863,5.159999847412109,87909432,601728.SS,0
2023-11-28,4.856849193572998,5.070000171661377,5.099999904632568,5.059999942779541,5.079999923706055,72960392,601728.SS,1
2023-11-29,4.866428375244141,5.079999923706055,5.110000133514404,5.019999980926514,5.070000171661377,109308597,601728.SS,2
2023-11-30,4.971804141998291,5.190000057220459,5.230000019073486,5.059999942779541,5.079999923706055,158266800,601728.SS,3
2023-12-01,5.048440456390381,5.269999980926514,5.289999961853027,5.139999866485596,5.179999828338623,175162477,601728.SS,4
2023-12-04,5.0197014808654785,5.239999771118164,5.289999961853027,5.230000019073486,5.28000020980835,80763128,601728.SS,0
2023-12-05,4.9526448249816895,5.170000076293945,5.260000228881836,5.170000076293945,5.230000019073486,84576809,601728.SS,1
2023-12-06,4.904747009277344,5.119999885559082,5.179999828338623,5.079999923706055,5.170000076293945,84232230,601728.SS,2
2023-12-07,4.847269535064697,5.059999942779541,5.119999885559082,5.039999961853027,5.099999904632568,122472428,601728.SS,3
2023-12-08,4.943065166473389,5.159999847412109,5.179999828338623,5.059999942779541,5.070000171661377,127791065,601728.SS,4
2023-12-11,4.971804141998291,5.190000057220459,5.199999809265137,5.079999923706055,5.150000095367432,106675238,601728.SS,0
2023-12-12,5.0292816162109375,5.25,5.28000020980835,5.159999847412109,5.170000076293945,119868328,601728.SS,1
2023-12-13,4.96222448348999,5.179999828338623,5.260000228881836,5.179999828338623,5.25,62134207,601728.SS,2
2023-12-14,4.9526448249816895,5.170000076293945,5.260000228881836,5.170000076293945,5.190000057220459,65543600,601728.SS,3
2023-12-15,4.943065166473389,5.159999847412109,5.21999979019165,5.139999866485596,5.170000076293945,70415829,601728.SS,4
2023-12-18,4.914326190948486,5.130000114440918,5.170000076293945,5.110000133514404,5.159999847412109,66498300,601728.SS,0
2023-12-19,4.971804141998291,5.190000057220459,5.190000057220459,5.110000133514404,5.119999885559082,81425695,601728.SS,1
2023-12-20,4.914326190948486,5.130000114440918,5.199999809265137,5.119999885559082,5.179999828338623,68270914,601728.SS,2
2023-12-21,4.943065166473389,5.159999847412109,5.179999828338623,5.099999904632568,5.110000133514404,70256509,601728.SS,3
2023-12-22,4.96222448348999,5.179999828338623,5.21999979019165,5.139999866485596,5.159999847412109,99336209,601728.SS,4
2023-12-25,4.933485984802246,5.150000095367432,5.199999809265137,5.139999866485596,5.190000057220459,61053447,601728.SS,0
2023-12-26,4.990962982177734,5.210000038146973,5.269999980926514,5.139999866485596,5.150000095367432,101165953,601728.SS,1
2023-12-27,5.125077247619629,5.349999904632568,5.369999885559082,5.199999809265137,5.210000038146973,208141095,601728.SS,2
2023-12-28,5.125077247619629,5.349999904632568,5.440000057220459,5.300000190734863,5.349999904632568,166150739,601728.SS,3
2023-12-29,5.182554721832275,5.409999847412109,5.420000076293945,5.300000190734863,5.320000171661377,141716395,601728.SS,4
2024-01-02,5.144236087799072,5.369999885559082,5.420000076293945,5.360000133514404,5.400000095367432,89578037,601728.SS,1
2024-01-03,5.163395881652832,5.389999866485596,5.409999847412109,5.349999904632568,5.349999904632568,71645247,601728.SS,2
2024-01-04,5.115498065948486,5.340000152587891,5.420000076293945,5.269999980926514,5.380000114440918,115021178,601728.SS,3
2024-01-05,5.115498065948486,5.340000152587891,5.380000114440918,5.300000190734863,5.329999923706055,94900690,601728.SS,4
2024-01-08,5.125077247619629,5.349999904632568,5.389999866485596,5.289999961853027,5.309999942779541,124923711,601728.SS,0
2024-01-09,5.067599773406982,5.289999961853027,5.349999904632568,5.260000228881836,5.340000152587891,108131287,601728.SS,1
2024-01-10,4.971804141998291,5.190000057220459,5.289999961853027,5.170000076293945,5.28000020980835,95723728,601728.SS,2
2024-01-11,4.895167350769043,5.110000133514404,5.179999828338623,5.03000020980835,5.170000076293945,133625533,601728.SS,3
2024-01-12,4.895167350769043,5.110000133514404,5.139999866485596,5.079999923706055,5.079999923706055,60071199,601728.SS,4
2024-01-15,4.895167350769043,5.110000133514404,5.110000133514404,5.110000133514404,5.110000133514404,0,601728.SS,0
2024-01-16,5.0292816162109375,5.25,5.25,5.159999847412109,5.25,100641370,601728.SS,1
2024-01-17,4.981383323669434,5.199999809265137,5.300000190734863,5.199999809265137,5.230000019073486,100081868,601728.SS,2
2024-01-18,5.05802059173584,5.28000020980835,5.300000190734863,5.070000171661377,5.179999828338623,146977141,601728.SS,3
2024-01-19,5.067599773406982,5.289999961853027,5.320000171661377,5.21999979019165,5.269999980926514,110427792,601728.SS,4
2024-01-22,5.086759090423584,5.309999942779541,5.360000133514404,5.25,5.28000020980835,194977641,601728.SS,0
2024-01-23,5.0292816162109375,5.25,5.300000190734863,5.170000076293945,5.269999980926514,106556734,601728.SS,1
2024-01-24,5.163395881652832,5.389999866485596,5.400000095367432,5.239999771118164,5.25,130515397,601728.SS,2
2024-01-25,5.527419567108154,5.769999980926514,5.78000020980835,5.389999866485596,5.409999847412109,348461980,601728.SS,3
2024-01-26,5.508260726928711,5.75,5.800000190734863,5.599999904632568,5.679999828338623,232886987,601728.SS,4
2024-01-29,5.546579360961914,5.789999961853027,5.980000019073486,5.699999809265137,5.730000019073486,232768031,601728.SS,0
2024-01-30,5.546579360961914,5.789999961853027,5.900000095367432,5.739999771118164,5.760000228881836,151660926,601728.SS,1
2024-01-31,5.508260726928711,5.75,5.840000152587891,5.659999847412109,5.75,163986443,601728.SS,2
2024-02-01,5.469942569732666,5.710000038146973,5.800000190734863,5.679999828338623,5.699999809265137,116001670,601728.SS,3
2024-02-02,5.584897041320801,5.829999923706055,5.849999904632568,5.5,5.710000038146973,192848484,601728.SS,4
2024-02-05,5.623215675354004,5.869999885559082,5.900000095367432,5.730000019073486,5.75,198811296,601728.SS,0
2024-02-06,5.604056358337402,5.849999904632568,5.929999828338623,5.769999980926514,5.840000152587891,177765579,601728.SS,1
2024-02-07,5.623215675354004,5.869999885559082,5.880000114440918,5.679999828338623,5.849999904632568,220296354,601728.SS,2
2024-02-08,5.59447717666626,5.840000152587891,5.869999885559082,5.730000019073486,5.849999904632568,176590943,601728.SS,3
2024-02-19,5.747750282287598,6.0,6.0,5.690000057220459,5.820000171661377,247215595,601728.SS,0
2024-02-20,5.766909599304199,6.019999980926514,6.119999885559082,5.929999828338623,5.960000038146973,192678182,601728.SS,1
2024-02-21,5.728590965270996,5.980000019073486,6.090000152587891,5.960000038146973,5.980000019073486,155689155,601728.SS,2
2024-02-22,5.891444206237793,6.150000095367432,6.230000019073486,6.090000152587891,6.119999885559082,217748588,601728.SS,3
2024-02-23,5.7764892578125,6.03000020980835,6.170000076293945,6.0,6.139999866485596,209774040,601728.SS,4
2024-02-26,5.604056358337402,5.849999904632568,6.03000020980835,5.829999923706055,6.03000020980835,221890845,601728.SS,0
2024-02-27,5.6423749923706055,5.889999866485596,5.940000057220459,5.78000020980835,5.809999942779541,165925118,601728.SS,1
2024-02-28,5.584897041320801,5.829999923706055,5.920000076293945,5.78000020980835,5.869999885559082,196597314,601728.SS,2
2024-02-29,5.604056358337402,5.849999904632568,5.869999885559082,5.789999961853027,5.800000190734863,147280305,601728.SS,3
2024-03-01,5.613636016845703,5.860000133514404,5.889999866485596,5.809999942779541,5.840000152587891,143041263,601728.SS,4
2024-03-04,5.699852466583252,5.949999809265137,5.960000038146973,5.829999923706055,5.849999904632568,190879489,601728.SS,0
2024-03-05,5.690272808074951,5.940000057220459,6.010000228881836,5.909999847412109,5.949999809265137,155802138,601728.SS,1
2024-03-06,5.671113967895508,5.920000076293945,5.960000038146973,5.880000114440918,5.940000057220459,118188473,601728.SS,2
2024-03-07,5.565738201141357,5.809999942779541,5.909999847412109,5.800000190734863,5.900000095367432,136065962,601728.SS,3
2024-03-08,5.699852466583252,5.949999809265137,5.949999809265137,5.800000190734863,5.800000190734863,135123224,601728.SS,4
2024-03-11,5.632795333862305,5.880000114440918,5.960000038146973,5.829999923706055,5.920000076293945,117503334,601728.SS,0
2024-03-12,5.441203594207764,5.679999828338623,5.920000076293945,5.670000076293945,5.900000095367432,240199933,601728.SS,1
2024-03-13,5.383726119995117,5.619999885559082,5.679999828338623,5.550000190734863,5.659999847412109,154928206,601728.SS,2
2024-03-14,5.4028849601745605,5.639999866485596,5.670000076293945,5.590000152587891,5.610000133514404,98058047,601728.SS,3
2024-03-15,5.4028849601745605,5.639999866485596,5.639999866485596,5.570000171661377,5.619999885559082,86535628,601728.SS,4
2024-03-18,5.479521751403809,5.71999979019165,5.739999771118164,5.630000114440918,5.630000114440918,121979688,601728.SS,0
2024-03-19,5.469942569732666,5.710000038146973,5.75,5.690000057220459,5.699999809265137,101085296,601728.SS,1
2024-03-20,5.565738201141357,5.809999942779541,5.829999923706055,5.699999809265137,5.710000038146973,133174871,601728.SS,2
2024-03-21,5.527419567108154,5.769999980926514,5.820000171661377,5.769999980926514,5.800000190734863,72542954,601728.SS,3
2024-03-22,5.575317859649658,5.820000171661377,5.840000152587891,5.730000019073486,5.78000020980835,109337673,601728.SS,4
2024-03-25,5.604056358337402,5.849999904632568,5.900000095367432,5.789999961853027,5.809999942779541,106415577,601728.SS,0
2024-03-26,5.623215675354004,5.869999885559082,5.900000095367432,5.809999942779541,5.820000171661377,78657164,601728.SS,1
2024-03-27,5.690272808074951,5.940000057220459,6.0,5.840000152587891,5.880000114440918,173834485,601728.SS,2
2024-03-28,5.728590965270996,5.980000019073486,6.019999980926514,5.909999847412109,5.929999828338623,144113138,601728.SS,3
2024-03-29,5.824387073516846,6.079999923706055,6.070000171661377,5.949999809265137,5.949999809265137,83540593,601728.SS,4
2024-04-01,5.766909599304199,6.019999980926514,6.130000114440918,5.96999979019165,6.099999904632568,136115575,601728.SS,0
2024-04-02,5.757329940795898,6.010000228881836,6.039999961853027,5.949999809265137,6.0,88778674,601728.SS,1
2024-04-03,5.747750282287598,6.0,6.019999980926514,5.96999979019165,5.980000019073486,60186097,601728.SS,2
2024-04-08,5.786068439483643,6.039999961853027,6.110000133514404,5.960000038146973,5.989999771118164,83959503,601728.SS,0
2024-04-09,5.680692672729492,5.929999828338623,6.059999942779541,5.909999847412109,6.019999980926514,84809833,601728.SS,1
2024-04-10,5.699852466583252,5.949999809265137,6.0,5.909999847412109,5.929999828338623,71036430,601728.SS,2
2024-04-11,5.699852466583252,5.949999809265137,6.010000228881836,5.920000076293945,5.920000076293945,62055414,601728.SS,3
2024-04-12,5.7094316482543945,5.960000038146973,6.050000190734863,5.940000057220459,5.940000057220459,76844925,601728.SS,4
2024-04-15,5.881864070892334,6.139999866485596,6.139999866485596,5.920000076293945,5.96999979019165,171407422,601728.SS,0
2024-04-16,5.881864070892334,6.139999866485596,6.190000057220459,6.079999923706055,6.110000133514404,141035513,601728.SS,1
2024-04-17,6.063876152038574,6.329999923706055,6.380000114440918,6.050000190734863,6.119999885559082,190955539,601728.SS,2
2024-04-18,5.9489216804504395,6.210000038146973,6.429999828338623,6.179999828338623,6.269999980926514,183225124,601728.SS,3
2024-04-19,5.987239837646484,6.25,6.28000020980835,6.179999828338623,6.199999809265137,103735575,601728.SS,4
2024-04-22,5.977660179138184,6.239999771118164,6.349999904632568,6.210000038146973,6.230000019073486,120521717,601728.SS,0
2024-04-23,5.843545913696289,6.099999904632568,6.269999980926514,6.070000171661377,6.239999771118164,106892232,601728.SS,1
2024-04-24,5.8339667320251465,6.090000152587891,6.130000114440918,5.989999771118164,6.119999885559082,123302725,601728.SS,2
2024-04-25,5.8339667320251465,6.090000152587891,6.099999904632568,6.0,6.079999923706055,81242987,601728.SS,3
2024-04-26,5.824387073516846,6.079999923706055,6.139999866485596,6.050000190734863,6.070000171661377,116888003,601728.SS,4
2024-04-29,5.719011306762695,5.96999979019165,6.079999923706055,5.960000038146973,6.079999923706055,189365080,601728.SS,0
2024-04-30,5.747750282287598,6.0,6.079999923706055,5.96999979019165,5.980000019073486,133331062,601728.SS,1
2024-05-06,5.6423749923706055,5.889999866485596,6.019999980926514,5.869999885559082,5.989999771118164,252114322,601728.SS,0
2024-05-07,5.651954174041748,5.900000095367432,5.920000076293945,5.860000133514404,5.909999847412109,131279386,601728.SS,1
2024-05-08,5.7094316482543945,5.960000038146973,5.980000019073486,5.869999885559082,5.900000095367432,141102904,601728.SS,2
2024-05-09,5.680692672729492,5.929999828338623,5.980000019073486,5.900000095367432,5.949999809265137,128535185,601728.SS,3
2024-05-10,5.738170623779297,5.989999771118164,6.010000228881836,5.900000095367432,5.920000076293945,206868914,601728.SS,4
2024-05-13,5.690272808074951,5.940000057220459,5.96999979019165,5.900000095367432,5.949999809265137,147948443,601728.SS,0
2024-05-14,5.671113967895508,5.920000076293945,5.940000057220459,5.880000114440918,5.929999828338623,108255635,601728.SS,1
2024-05-15,5.623215675354004,5.869999885559082,5.929999828338623,5.869999885559082,5.920000076293945,89882200,601728.SS,2
2024-05-16,5.584897041320801,5.829999923706055,5.889999866485596,5.809999942779541,5.869999885559082,145856337,601728.SS,3
2024-05-17,5.6423749923706055,5.889999866485596,5.900000095367432,5.809999942779541,5.820000171661377,127235987,601728.SS,4
2024-05-20,5.661533832550049,5.909999847412109,5.940000057220459,5.829999923706055,5.889999866485596,161257057,601728.SS,0
2024-05-21,5.690272808074951,5.940000057220459,5.949999809265137,5.880000114440918,5.889999866485596,101337033,601728.SS,1
2024-05-22,5.728590965270996,5.980000019073486,6.0,5.929999828338623,5.940000057220459,101097000,601728.SS,2
2024-05-23,5.699852466583252,5.949999809265137,5.980000019073486,5.909999847412109,5.949999809265137,93455699,601728.SS,3
2024-05-24,5.690272808074951,5.940000057220459,6.0,5.920000076293945,5.929999828338623,82730207,601728.SS,4
2024-05-27,5.786068439483643,6.039999961853027,6.059999942779541,5.929999828338623,5.940000057220459,133576462,601728.SS,0
2024-05-28,5.699852466583252,5.949999809265137,6.050000190734863,5.949999809265137,6.039999961853027,93299382,601728.SS,1
2024-05-29,5.661533832550049,5.909999847412109,5.96999979019165,5.869999885559082,5.949999809265137,85087449,601728.SS,2
2024-05-30,5.680692672729492,5.929999828338623,5.980000019073486,5.889999866485596,5.900000095367432,70509356,601728.SS,3
2024-05-31,5.690272808074951,5.940000057220459,5.96999979019165,5.909999847412109,5.929999828338623,48482800,601728.SS,4
2024-06-03,5.699852466583252,5.949999809265137,5.989999771118164,5.909999847412109,5.920000076293945,84578736,601728.SS,0
2024-06-04,5.680692672729492,5.929999828338623,5.949999809265137,5.889999866485596,5.949999809265137,68801468,601728.SS,1
2024-06-05,5.623215675354004,5.869999885559082,5.929999828338623,5.869999885559082,5.920000076293945,63385657,601728.SS,2
2024-06-06,5.651954174041748,5.900000095367432,5.929999828338623,5.849999904632568,5.869999885559082,74891300,601728.SS,3
2024-06-07,5.719011306762695,5.96999979019165,5.980000019073486,5.860000133514404,5.900000095367432,101143122,601728.SS,4
2024-06-11,5.59447717666626,5.840000152587891,6.019999980926514,5.809999942779541,5.96999979019165,156416306,601728.SS,1
2024-06-12,5.575317859649658,5.820000171661377,5.840000152587891,5.739999771118164,5.829999923706055,104386113,601728.SS,2
2024-06-13,5.6142377853393555,5.769999980926514,5.769999980926514,5.710000038146973,5.75,70497809,601728.SS,3
2024-06-14,5.575317859649658,5.730000019073486,5.820000171661377,5.710000038146973,5.769999980926514,97029033,601728.SS,4
2024-06-17,5.52666711807251,5.679999828338623,5.760000228881836,5.670000076293945,5.710000038146973,85188695,601728.SS,0
2024-06-18,5.5461273193359375,5.699999809265137,5.710000038146973,5.630000114440918,5.679999828338623,83429027,601728.SS,1
2024-06-19,5.623968124389648,5.78000020980835,5.789999961853027,5.690000057220459,5.710000038146973,101240064,601728.SS,2
2024-06-20,5.604507923126221,5.760000228881836,5.78000020980835,5.699999809265137,5.760000228881836,86947526,601728.SS,3
2024-06-21,5.662888050079346,5.820000171661377,5.829999923706055,5.730000019073486,5.739999771118164,90920568,601728.SS,4
2024-06-24,5.662888050079346,5.820000171661377,5.869999885559082,5.800000190734863,5.829999923706055,109763200,601728.SS,0
2024-06-25,5.682348251342773,5.840000152587891,5.869999885559082,5.800000190734863,5.820000171661377,105142594,601728.SS,1
2024-06-26,5.692078113555908,5.849999904632568,5.869999885559082,5.769999980926514,5.820000171661377,83376361,601728.SS,2
2024-06-27,5.818568706512451,5.980000019073486,6.0,5.829999923706055,5.840000152587891,188835207,601728.SS,3
2024-06-28,5.98397970199585,6.150000095367432,6.159999847412109,5.960000038146973,5.960000038146973,171017102,601728.SS,4
2024-07-01,5.935329437255859,6.099999904632568,6.179999828338623,6.059999942779541,6.130000114440918,120728498,601728.SS,0
2024-07-02,5.98397970199585,6.150000095367432,6.199999809265137,6.070000171661377,6.079999923706055,108977040,601728.SS,1
2024-07-03,6.022900104522705,6.190000057220459,6.210000038146973,6.099999904632568,6.170000076293945,109792857,601728.SS,2
2024-07-04,6.003439903259277,6.170000076293945,6.21999979019165,6.110000133514404,6.199999809265137,108673240,601728.SS,3
2024-07-05,6.003439903259277,6.170000076293945,6.170000076293945,6.170000076293945,6.170000076293945,0,601728.SS,4
2024-07-08,6.061820030212402,6.230000019073486,6.269999980926514,6.159999847412109,6.159999847412109,92957525,601728.SS,0
2024-07-09,6.1007399559021,6.269999980926514,6.300000190734863,6.170000076293945,6.230000019073486,92532300,601728.SS,1
2024-07-10,6.042359828948975,6.210000038146973,6.329999923706055,6.179999828338623,6.260000228881836,84397350,601728.SS,2
2024-07-11,6.003439903259277,6.170000076293945,6.239999771118164,6.119999885559082,6.210000038146973,130552989,601728.SS,3
2024-07-12,6.091010570526123,6.260000228881836,6.28000020980835,6.139999866485596,6.139999866485596,102423873,601728.SS,4
2024-07-15,6.120200157165527,6.289999961853027,6.349999904632568,6.25,6.260000228881836,96872524,601728.SS,0
2024-07-16,6.178580284118652,6.349999904632568,6.349999904632568,6.260000228881836,6.289999961853027,78405647,601728.SS,1
2024-07-17,6.032629489898682,6.199999809265137,6.360000133514404,6.159999847412109,6.329999923706055,104537629,601728.SS,2
2024-07-18,6.159120559692383,6.329999923706055,6.349999904632568,6.179999828338623,6.179999828338623,110260727,601728.SS,3
2024-07-19,6.207770824432373,6.380000114440918,6.420000076293945,6.269999980926514,6.320000171661377,132919411,601728.SS,4
2024-07-22,6.149390697479248,6.320000171661377,6.409999847412109,6.230000019073486,6.380000114440918,124635508,601728.SS,0
2024-07-23,6.149390697479248,6.320000171661377,6.400000095367432,6.28000020980835,6.309999942779541,99965400,601728.SS,1
2024-07-24,6.227231025695801,6.400000095367432,6.429999828338623,6.300000190734863,6.309999942779541,113463600,601728.SS,2
2024-07-25,6.120200157165527,6.289999961853027,6.409999847412109,6.239999771118164,6.389999866485596,92341983,601728.SS,3
2024-07-26,5.857489109039307,6.019999980926514,6.269999980926514,5.920000076293945,6.25,205880631,601728.SS,4
2024-07-29,5.886679172515869,6.050000190734863,6.070000171661377,5.949999809265137,6.019999980926514,110236106,601728.SS,0
2024-07-30,5.993709564208984,6.159999847412109,6.179999828338623,6.03000020980835,6.039999961853027,109031461,601728.SS,1
2024-07-31,5.857489109039307,6.019999980926514,6.199999809265137,6.0,6.159999847412109,152722200,601728.SS,2
2024-08-01,5.8672194480896,6.03000020980835,6.079999923706055,6.0,6.019999980926514,93700577,601728.SS,3
2024-08-02,5.896409034729004,6.059999942779541,6.070000171661377,5.980000019073486,6.0,85986266,601728.SS,4
2024-08-05,5.808838367462158,5.96999979019165,6.03000020980835,5.949999809265137,6.019999980926514,107029734,601728.SS,0
2024-08-06,5.799108982086182,5.960000038146973,6.019999980926514,5.860000133514404,5.96999979019165,90057678,601728.SS,1
2024-08-07,5.750458240509033,5.909999847412109,6.039999961853027,5.889999866485596,5.949999809265137,86501684,601728.SS,2
2024-08-08,5.7309980392456055,5.889999866485596,5.940000057220459,5.880000114440918,5.900000095367432,61883000,601728.SS,3
2024-08-09,5.623968124389648,5.78000020980835,5.909999847412109,5.760000228881836,5.900000095367432,138951761,601728.SS,4
2024-08-12,5.536397457122803,5.690000057220459,5.769999980926514,5.679999828338623,5.75,85276388,601728.SS,0
2024-08-13,5.575317859649658,5.730000019073486,5.739999771118164,5.690000057220459,5.699999809265137,68988818,601728.SS,1
2024-08-14,5.643428325653076,5.800000190734863,5.829999923706055,5.730000019073486,5.730000019073486,94496159,601728.SS,2
2024-08-15,5.750458240509033,5.909999847412109,5.929999828338623,5.78000020980835,5.800000190734863,92427180,601728.SS,3
2024-08-16,5.818568706512451,5.980000019073486,6.0,5.889999866485596,5.900000095367432,86512354,601728.SS,4
2024-08-19,5.8672194480896,6.03000020980835,6.050000190734863,5.960000038146973,5.980000019073486,71369704,601728.SS,0
2024-08-20,5.876948833465576,6.039999961853027,6.119999885559082,6.0,6.039999961853027,91611516,601728.SS,1
2024-08-21,6.013169765472412,6.179999828338623,6.190000057220459,6.03000020980835,6.059999942779541,134261080,601728.SS,2
2024-08-22,6.061820030212402,6.230000019073486,6.300000190734863,6.159999847412109,6.170000076293945,122099530,601728.SS,3
2024-08-23,6.052089691162109,6.21999979019165,6.289999961853027,6.170000076293945,6.21999979019165,102129803,601728.SS,4
2024-08-26,6.071549892425537,6.239999771118164,6.269999980926514,6.159999847412109,6.230000019073486,87866092,601728.SS,0
2024-08-27,6.149390697479248,6.320000171661377,6.340000152587891,6.199999809265137,6.210000038146973,108144104,601728.SS,1
2024-08-28,6.052089691162109,6.21999979019165,6.360000133514404,6.190000057220459,6.320000171661377,110674028,601728.SS,2
2024-08-29,6.013169765472412,6.179999828338623,6.289999961853027,6.099999904632568,6.190000057220459,102645371,601728.SS,3
2024-08-30,5.935329437255859,6.099999904632568,6.21999979019165,6.059999942779541,6.179999828338623,130325839,601728.SS,4
2024-09-02,6.022900104522705,6.190000057220459,6.21999979019165,6.050000190734863,6.070000171661377,109576516,601728.SS,0
2024-09-03,6.061820030212402,6.230000019073486,6.25,6.119999885559082,6.170000076293945,86634266,601728.SS,1
2024-09-04,6.061820030212402,6.230000019073486,6.309999942779541,6.190000057220459,6.199999809265137,71830175,601728.SS,2
2024-09-05,5.993709564208984,6.159999847412109,6.25,6.079999923706055,6.25,82657789,601728.SS,3
2024-09-06,5.935329437255859,6.099999904632568,6.260000228881836,6.090000152587891,6.190000057220459,72791929,601728.SS,4
2024-09-09,5.993709564208984,6.159999847412109,6.170000076293945,6.039999961853027,6.130000114440918,94892947,601728.SS,0
2024-09-10,6.022900104522705,6.190000057220459,6.230000019073486,6.119999885559082,6.139999866485596,89118353,601728.SS,1
2024-09-11,6.050000190734863,6.050000190734863,6.079999923706055,5.949999809265137,6.010000228881836,82523018,601728.SS,2
2024-09-12,5.880000114440918,5.880000114440918,6.039999961853027,5.869999885559082,6.010000228881836,74318974,601728.SS,3
2024-09-13,5.949999809265137,5.949999809265137,6.050000190734863,5.880000114440918,5.900000095367432,71345043,601728.SS,4
2024-09-18,5.929999828338623,5.929999828338623,6.050000190734863,5.929999828338623,5.929999828338623,73369192,601728.SS,2
2024-09-19,5.869999885559082,5.869999885559082,5.96999979019165,5.849999904632568,5.960000038146973,90241008,601728.SS,3
2024-09-20,6.019999980926514,6.019999980926514,6.03000020980835,5.869999885559082,5.869999885559082,98833968,601728.SS,4
2024-09-23,6.059999942779541,6.059999942779541,6.099999904632568,5.949999809265137,5.980000019073486,62526094,601728.SS,0
2024-09-24,6.25,6.25,6.260000228881836,6.019999980926514,6.059999942779541,115240864,601728.SS,1
2024-09-25,6.190000057220459,6.190000057220459,6.449999809265137,6.139999866485596,6.269999980926514,185121260,601728.SS,2
2024-09-26,6.369999885559082,6.369999885559082,6.369999885559082,6.039999961853027,6.159999847412109,248564593,601728.SS,3
2024-09-27,6.329999923706055,6.329999923706055,6.349999904632568,6.210000038146973,6.28000020980835,205280367,601728.SS,4
2024-09-30,6.710000038146973,6.710000038146973,6.829999923706055,6.260000228881836,6.369999885559082,610178440,601728.SS,0
2024-10-08,6.659999847412109,6.659999847412109,7.320000171661377,6.429999828338623,7.320000171661377,592974687,601728.SS,1
2024-10-09,6.320000171661377,6.320000171661377,6.510000228881836,6.300000190734863,6.510000228881836,355364209,601728.SS,2
2024-10-10,6.639999866485596,6.639999866485596,6.739999771118164,6.320000171661377,6.320000171661377,410272478,601728.SS,3
2024-10-11,6.300000190734863,6.300000190734863,6.619999885559082,6.28000020980835,6.579999923706055,285662428,601728.SS,4
2024-10-14,6.519999980926514,6.519999980926514,6.550000190734863,6.320000171661377,6.329999923706055,268189838,601728.SS,0
2024-10-15,6.429999828338623,6.429999828338623,6.619999885559082,6.420000076293945,6.489999771118164,163726802,601728.SS,1
2024-10-16,6.46999979019165,6.46999979019165,6.510000228881836,6.349999904632568,6.369999885559082,116866427,601728.SS,2
2024-10-17,6.409999847412109,6.409999847412109,6.539999961853027,6.400000095367432,6.480000019073486,133816920,601728.SS,3
2024-10-18,6.53000020980835,6.53000020980835,6.590000152587891,6.309999942779541,6.380000114440918,187563783,601728.SS,4
2024-10-21,6.659999847412109,6.659999847412109,6.670000076293945,6.369999885559082,6.550000190734863,274777352,601728.SS,0
2024-10-22,6.650000095367432,6.650000095367432,6.690000057220459,6.53000020980835,6.590000152587891,196272161,601728.SS,1
2024-10-23,6.590000152587891,6.590000152587891,6.679999828338623,6.539999961853027,6.650000095367432,203797410,601728.SS,2
2024-10-24,6.5,6.5,6.579999923706055,6.440000057220459,6.570000171661377,164132710,601728.SS,3
2024-10-25,6.46999979019165,6.46999979019165,6.519999980926514,6.429999828338623,6.489999771118164,160084535,601728.SS,4
2024-10-28,6.519999980926514,6.519999980926514,6.570000171661377,6.360000133514404,6.449999809265137,152423500,601728.SS,0
2024-10-29,6.519999980926514,6.519999980926514,6.550000190734863,6.420000076293945,6.5,142258995,601728.SS,1
2024-10-30,6.46999979019165,6.46999979019165,6.550000190734863,6.449999809265137,6.489999771118164,113577585,601728.SS,2
2024-10-31,6.360000133514404,6.360000133514404,6.489999771118164,6.329999923706055,6.440000057220459,189310252,601728.SS,3
2024-11-01,6.409999847412109,6.409999847412109,6.440000057220459,6.329999923706055,6.360000133514404,141605889,601728.SS,4
2024-11-04,6.389999866485596,6.389999866485596,6.440000057220459,6.349999904632568,6.420000076293945,112387068,601728.SS,0
2024-11-05,6.420000076293945,6.420000076293945,6.420000076293945,6.349999904632568,6.389999866485596,200128944,601728.SS,1
2024-11-06,6.449999809265137,6.449999809265137,6.480000019073486,6.400000095367432,6.409999847412109,190260427,601728.SS,2
2024-11-07,6.570000171661377,6.570000171661377,6.570000171661377,6.380000114440918,6.400000095367432,226451988,601728.SS,3
2024-11-08,6.510000228881836,6.510000228881836,6.590000152587891,6.440000057220459,6.570000171661377,197846147,601728.SS,4
2024-11-11,6.519999980926514,6.519999980926514,6.519999980926514,6.400000095367432,6.5,147661918,601728.SS,0
2024-11-12,6.360000133514404,6.360000133514404,6.5,6.349999904632568,6.5,169734941,601728.SS,1
2024-11-13,6.699999809265137,6.699999809265137,6.960000038146973,6.349999904632568,6.360000133514404,502115342,601728.SS,2
2024-11-14,6.559999942779541,6.559999942779541,6.710000038146973,6.460000038146973,6.559999942779541,264000269,601728.SS,3
2024-11-15,6.699999809265137,6.699999809265137,6.940000057220459,6.5,6.5,396164776,601728.SS,4
2024-11-18,6.75,6.75,6.920000076293945,6.610000133514404,6.710000038146973,315363161,601728.SS,0
2024-11-19,6.53000020980835,6.53000020980835,6.710000038146973,6.420000076293945,6.690000057220459,262191709,601728.SS,1
2024-11-20,6.630000114440918,6.630000114440918,6.639999866485596,6.460000038146973,6.46999979019165,176530139,601728.SS,2
2024-11-21,6.519999980926514,6.519999980926514,6.659999847412109,6.480000019073486,6.599999904632568,129197523,601728.SS,3
2024-11-22,6.420000076293945,6.420000076293945,6.599999904632568,6.400000095367432,6.5,139886600,601728.SS,4
2024-11-25,6.380000114440918,6.380000114440918,6.519999980926514,6.329999923706055,6.429999828338623,141760869,601728.SS,0
2024-11-26,6.429999828338623,6.429999828338623,6.46999979019165,6.340000152587891,6.380000114440918,93201764,601728.SS,1
2024-11-27,6.53000020980835,6.53000020980835,6.570000171661377,6.400000095367432,6.400000095367432,136050399,601728.SS,2
2024-11-28,6.440000057220459,6.440000057220459,6.559999942779541,6.420000076293945,6.53000020980835,101523862,601728.SS,3
2024-11-29,6.46999979019165,6.46999979019165,6.53000020980835,6.440000057220459,6.440000057220459,104271689,601728.SS,4
2024-12-02,6.489999771118164,6.489999771118164,6.5,6.440000057220459,6.449999809265137,94151507,601728.SS,0
2024-12-03,6.53000020980835,6.53000020980835,6.539999961853027,6.449999809265137,6.480000019073486,96141488,601728.SS,1
2024-12-04,6.659999847412109,6.659999847412109,6.710000038146973,6.489999771118164,6.519999980926514,181523801,601728.SS,2
2024-12-05,6.619999885559082,6.619999885559082,6.739999771118164,6.599999904632568,6.679999828338623,97851257,601728.SS,3
2024-12-06,6.630000114440918,6.630000114440918,6.690000057220459,6.559999942779541,6.630000114440918,136911105,601728.SS,4
2024-12-09,6.730000019073486,6.730000019073486,6.800000190734863,6.610000133514404,6.630000114440918,146948912,601728.SS,0
2024-12-10,6.699999809265137,6.699999809265137,6.840000152587891,6.679999828338623,6.789999961853027,144302199,601728.SS,1
2024-12-11,6.71999979019165,6.71999979019165,6.739999771118164,6.639999866485596,6.699999809265137,128209387,601728.SS,2
2024-12-12,6.820000171661377,6.820000171661377,6.849999904632568,6.690000057220459,6.699999809265137,166202152,601728.SS,3
2024-12-13,6.789999961853027,6.789999961853027,6.889999866485596,6.75,6.820000171661377,168451954,601728.SS,4
2024-12-16,6.980000019073486,6.980000019073486,7.019999980926514,6.789999961853027,6.789999961853027,207125089,601728.SS,0
2024-12-17,6.980000019073486,6.980000019073486,7.199999809265137,6.960000038146973,6.980000019073486,165815344,601728.SS,1
2024-12-18,7.010000228881836,7.010000228881836,7.110000133514404,6.929999828338623,6.929999828338623,150216072,601728.SS,2
2024-12-19,7.090000152587891,7.090000152587891,7.170000076293945,6.949999809265137,6.960000038146973,124277107,601728.SS,3
2024-12-20,7.050000190734863,7.050000190734863,7.119999885559082,7.010000228881836,7.050000190734863,96941350,601728.SS,4
2024-12-23,7.059999942779541,7.059999942779541,7.130000114440918,7.019999980926514,7.050000190734863,129944325,601728.SS,0
2024-12-24,7.090000152587891,7.090000152587891,7.099999904632568,6.96999979019165,7.059999942779541,108406789,601728.SS,1
2024-12-25,7.210000038146973,7.210000038146973,7.300000190734863,7.079999923706055,7.090000152587891,142479320,601728.SS,2
2024-12-26,7.230000019073486,7.230000019073486,7.260000228881836,7.039999961853027,7.230000019073486,123898300,601728.SS,3
2024-12-27,7.170000076293945,7.170000076293945,7.260000228881836,7.099999904632568,7.179999828338623,102501578,601728.SS,4
